scope,variant,direction,layer,n_questions,text_minus_random_p_raw_all305,text_minus_random_p_holm_all305,text_effect_mean,text_effect_ci95_low,text_effect_ci95_high,random_mean_effect_mean,random_mean_effect_ci95_low,random_mean_effect_ci95_high,text_minus_random_mean,text_minus_random_ci95_low,text_minus_random_ci95_high,all_image_effect_mean,all_image_effect_ci95_low,all_image_effect_ci95_high
all_305,correct_answer,restoration,0,305,1.063487966953584e-33,2.126975933907168e-33,1.9243447618553569,1.6057911539220193,2.2678856320836456,0.018682922530911715,-0.0019421557684854887,0.04205278801186095,1.9056618393244424,1.5869818693554556,2.2497587024125973,3.5106486021210244,3.1302922929385972,3.8999415628696887
heldout_265,correct_answer,restoration,0,265,1.063487966953584e-33,2.126975933907168e-33,1.9396116573972346,1.5889262676460303,2.3051373528184387,0.016275922095752873,-0.004613338564103999,0.04138428543965534,1.9233357353014813,1.5672972128719094,2.287528695088348,3.4457001816501562,3.0332217033581808,3.858421851192811
all_305,correct_answer,restoration,1,305,6.357292003020827e-34,1.907187600906248e-33,1.930077205675266,1.6164744685601444,2.2701554680902123,0.019619625065253617,-0.0005917334404192439,0.0425968358890559,1.910457580610014,1.5958629341272608,2.2529889669912873,3.5194118707643978,3.137664009444235,3.9145017653649914
heldout_265,correct_answer,restoration,1,265,6.357292003020827e-34,1.907187600906248e-33,1.9455150856702068,1.5959315016676772,2.3067080543376055,0.017379300400957146,-0.003497798578464163,0.04176453506452038,1.9281357852692507,1.5760648107973847,2.2879186825193494,3.461032225922916,3.0525711635733375,3.8853882639688924
all_305,correct_answer,restoration,2,305,1.7498510069250891e-34,6.9994040277003564e-34,1.9641426055365043,1.644077165776377,2.305840350556644,0.022672203020932882,0.0021427093375955436,0.04664072061343765,1.9414704025155731,1.6203412494969824,2.2834210044280128,3.5288297138912506,3.1529779325499985,3.934473414295654
heldout_265,correct_answer,restoration,2,265,1.7498510069250891e-34,6.9994040277003564e-34,1.9796395056204663,1.6316981733711258,2.3389571986943043,0.019082752289697042,-0.002433762233856259,0.043701897178643354,1.9605567533307702,1.6097489971410543,2.322866377231571,3.4712831789888563,3.061927456986531,3.9098138092417374
all_305,correct_answer,restoration,3,305,1.1819457780985811e-34,5.909728890492906e-34,1.9707924263333902,1.644138574955525,2.3093982300748594,0.02163638556478557,0.0005302813135268134,0.04550706204216,1.9491560407686073,1.6228420589962804,2.2901709358657443,3.5367868947011742,3.14720415276402,3.9351210558066514
heldout_265,correct_answer,restoration,3,265,1.1819457780985811e-34,5.909728890492906e-34,1.9853061069257931,1.6503560875652907,2.3364023244929126,0.01853007073220302,-0.0031602309628936238,0.043402365446363625,1.9667760361935926,1.6267905612495976,2.3185775940826696,3.4748915148335744,3.0687401301656694,3.8908818539007846
all_305,correct_answer,restoration,4,305,1.3514715857911097e-37,9.460301100537769e-37,2.06414442592697,1.7430404283044676,2.389413774214921,0.023835859152565003,0.0020900968604715205,0.048833540618185886,2.0403085667744048,1.7170535724703533,2.3687696232478257,3.533526508105021,3.1354656468069946,3.9214547361781977
heldout_265,correct_answer,restoration,4,265,1.3514715857911097e-37,9.460301100537769e-37,2.0786099468153925,1.74769147917165,2.433716184133822,0.019842136006571087,-0.0024317611747346497,0.04495100757601555,2.0587678108088214,1.7289214242921271,2.4143356957434094,3.4725372679329713,3.074090796543047,3.8961281174162687
all_305,correct_answer,restoration,5,305,2.0350347468826825e-37,1.2210208481296095e-36,2.0638486092476422,1.74165166603301,2.3938738803204593,0.02469861125384695,0.0023912751969197136,0.04871437909127651,2.0391499979937944,1.7168674362946295,2.372358925175582,3.5323451384029734,3.1444827217653533,3.932535683448394
heldout_265,correct_answer,restoration,5,265,2.0350347468826825e-37,1.2210208481296095e-36,2.0760199485755972,1.7404971102382951,2.4439858676331783,0.02012873265301406,-0.0015658692067150313,0.04600282964755055,2.055891215922584,1.718920424961451,2.42627053496606,3.4696049388547947,3.066964126128234,3.896088454941908
all_305,correct_answer,restoration,6,305,1.840122521945481e-38,1.4720980175563847e-37,2.1141814725576786,1.798497375035147,2.445782338258444,0.02489904048022518,0.0027367417216666826,0.04964519292291261,2.089282432077453,1.7743459136829487,2.4238422500916665,3.53531161787496,3.1555546318523504,3.928622102269957
heldout_265,correct_answer,restoration,6,265,1.840122521945481e-38,1.4720980175563847e-37,2.1243380753388528,1.7887243300127063,2.487125567265837,0.020288254058873124,-0.0015201893075952704,0.045850548722026895,2.104049821279981,1.7678411478113418,2.469353636387083,3.472276725872417,3.064699773251657,3.904670993094558
all_305,correct_answer,restoration,7,305,1.4272620550233385e-38,1.2845358495210047e-37,2.130632496959367,1.8159232763302164,2.4681026437067173,0.023434513643654,0.0012696493207485842,0.0478445992846444,2.107197983315714,1.7938677225749367,2.4467966871157656,3.515157960747719,3.1361302977746326,3.911091584006613
heldout_265,correct_answer,restoration,7,265,1.4272620550233385e-38,1.2845358495210047e-37,2.13753319869624,1.7999753910713605,2.504051369876662,0.01880920177693523,-0.003186469839094738,0.043177248567287295,2.1187239969193032,1.7787692978947724,2.488199213044141,3.4526687868520103,3.0491076907519323,3.8776542210045104
all_305,correct_answer,restoration,8,305,4.7256390774343126e-39,5.198202985177744e-38,2.1497434442220666,1.8404942839258174,2.4888664172393162,0.022315765807633805,0.0005177843469796793,0.04614711636093629,2.127427678414432,1.8193999220598807,2.4660566766748233,3.5119518573263546,3.139775130523152,3.902926971796018
heldout_265,correct_answer,restoration,8,265,4.7256390774343126e-39,5.198202985177744e-38,2.1514836963450956,1.8159146416932344,2.5088341495415234,0.017824655968341315,-0.003975297078539514,0.042695494102537056,2.133659040376754,1.7949763489823842,2.4925325098973095,3.448578845779248,3.051656421922815,3.85681921392713
all_305,correct_answer,restoration,9,305,1.1545859268267452e-38,1.1545859268267451e-37,2.1072746484814124,1.7972809485843535,2.44651588001971,0.0219065221613839,0.0005763686443008987,0.045613617650140006,2.0853681263200285,1.7735842376238549,2.4271128521327214,3.48983282698165,3.111425296327077,3.8891806590184914
heldout_265,correct_answer,restoration,9,265,1.1545859268267452e-38,1.1545859268267451e-37,2.1118287312817903,1.7762728820026634,2.46998157354335,0.01707554383871697,-0.004385439145128819,0.041792392807378426,2.094753187443074,1.75680266454961,2.454820820888613,3.4252479820504482,3.0318417818867127,3.8403175706429478
all_305,correct_answer,restoration,10,305,1.0109148411347583e-39,1.3141892934751858e-38,2.1129581646097026,1.8083142779290544,2.439530762273702,0.025697042093574256,0.004521564545149877,0.04932106475701881,2.0872611225161286,1.7790489846619093,2.4152362490992045,3.4697309532341953,3.0991828772889836,3.8544920400602423
heldout_265,correct_answer,restoration,10,265,1.0109148411347583e-39,1.3141892934751858e-38,2.118940075567661,1.7824194483908928,2.4746945739391237,0.0209474640413195,-0.0004888703958064729,0.04597970788546391,2.0979926115263403,1.7597525789992756,2.4557848420159085,3.4083036724515967,3.0023207026375256,3.8343724040941667
all_305,correct_answer,restoration,11,305,2.0619282435900008e-39,2.474313892308001e-38,2.0974564641913727,1.7964614771180027,2.4191266171344576,0.024416201171798862,0.00391836732955103,0.047470749376723555,2.0730402630195717,1.7716114535716503,2.393889994016176,3.46203902604584,3.0905982663622042,3.8565502242899945
heldout_265,correct_answer,restoration,11,265,2.0619282435900008e-39,2.474313892308001e-38,2.103249223382929,1.7621590692645557,2.4628647653851403,0.019508830365449932,-0.0010868950150767504,0.042761581700252384,2.083740393017479,1.7451215018280304,2.4440011127027446,3.3991498413077452,2.9923921980251573,3.820181146780732
all_305,correct_answer,restoration,12,305,3.234630187692981e-40,4.528482262770173e-39,2.114348527085225,1.8045600756394695,2.439895470743179,0.023550126683073887,0.004003440989675359,0.04545032378571298,2.0907984004021505,1.7804268743014946,2.415271766649724,3.446023184710214,3.078864111503221,3.838167303125816
heldout_265,correct_answer,restoration,12,265,3.234630187692981e-40,4.528482262770173e-39,2.1200795256654557,1.7817648179142076,2.475721890254102,0.01911715228889157,-0.0008154404816508862,0.04139599708584536,2.1009623733765634,1.7606703439570242,2.4584708391274592,3.3827199535437074,2.9795473565882626,3.803512299724644
all_305,correct_answer,restoration,13,305,2.815612333221886e-41,4.223418499832829e-40,2.1438562780642894,1.8297536315986704,2.4721183765409793,0.0254946382790117,0.005628394164603167,0.04710343575094627,2.1183616397852782,1.805920727322648,2.4463894244226885,3.441563280045426,3.0657778516622347,3.819253200086913
heldout_265,correct_answer,restoration,13,265,2.815612333221886e-41,4.223418499832829e-40,2.1538395056985427,1.820154634791516,2.510035124670606,0.02152396397284182,0.001914997864931555,0.04369815864463143,2.1323155417257005,1.7990945008539017,2.4909784371477794,3.3792280437225624,2.9815077162354173,3.7850929368910102
all_305,correct_answer,restoration,14,305,2.8218239322576054e-43,4.797100684837929e-42,2.187522013448306,1.8790621894932367,2.5165519190644012,0.026389393532244655,0.006792813931629753,0.047796500439261674,2.1611326199160605,1.852585065420856,2.4912075984480926,3.4426556863557574,3.0678481017370065,3.823582107807018
heldout_265,correct_answer,restoration,14,265,2.8218239322576054e-43,4.797100684837929e-42,2.1987065054234436,1.8628386952322358,2.5468298181968034,0.02119196761875274,0.0016710645703173989,0.04181472969591367,2.1775145378046914,1.838316983649671,2.5301500880092687,3.384477285924971,2.9911072954941056,3.7954988399010303
all_305,correct_answer,restoration,15,305,1.0370881727969832e-43,1.970467528314268e-42,2.2005832186185708,1.8859431324534666,2.532584868901439,0.026505550905321758,0.006489438349496671,0.04796703586963378,2.17407766771325,1.856296960625156,2.5084383054947366,3.432662063079464,3.0655578376387176,3.817809997733714
heldout_265,correct_answer,restoration,15,265,1.0370881727969832e-43,1.970467528314268e-42,2.2047393988713564,1.870530629863951,2.5576023779061687,0.021858229343874845,0.00285065504214689,0.04281236152379271,2.1828811695274815,1.8455193892997321,2.5379325014021363,3.3721482056112215,2.981692867353062,3.7819886234780746
all_305,correct_answer,restoration,16,305,2.6128837413798348e-46,5.4870558568976527e-45,2.1998673727560063,1.896065668592454,2.51570542238484,0.0288184547378347,0.008940499598112262,0.05066211093303989,2.1710489180181716,1.865448857976319,2.490947179382721,3.4147656958179193,3.0535298834693436,3.7891327475612475
heldout_265,correct_answer,restoration,16,265,2.6128837413798348e-46,5.4870558568976527e-45,2.1910023664250504,1.869497553161329,2.5386006459374095,0.02459164496596684,0.005365288131509178,0.045231622435812156,2.166410721459082,1.8427022705511324,2.513371817567158,3.359817666419923,2.9672076768849545,3.761321226079133
all_305,correct_answer,restoration,17,305,2.4708515263905496e-46,5.435873358059209e-45,2.1086789781387147,1.8110163636182846,2.434619372727462,0.02719323877217832,0.007402769014162863,0.04848769932111247,2.081485739366537,1.7813796140499114,2.411634421243239,3.4012953720392622,3.0366322406075152,3.7894762082457243
heldout_265,correct_answer,restoration,17,265,2.4708515263905496e-46,5.435873358059209e-45,2.110025124055696,1.7846686457288536,2.458272380524888,0.024051954892790793,0.005208904727711072,0.04442882915538526,2.085973169162906,1.7574908978937755,2.438618876218522,3.3434555302124807,2.9488762053828195,3.7580951553441335
all_305,correct_answer,restoration,18,305,3.2229581324627625e-48,8.057395331156906e-47,2.1063538242061166,1.8093028566600857,2.428689959221925,0.026727717536438485,0.0077345458918002055,0.04725877326353036,2.0796261066696804,1.7821612612910709,2.402641637631941,3.4032349950622804,3.0388501017996146,3.7934952120613104
heldout_265,correct_answer,restoration,18,265,3.2229581324627625e-48,8.057395331156906e-47,2.1051850930953084,1.788805557361657,2.442669587609939,0.024483124221487802,0.005835472034911704,0.04495652648462663,2.0807019688738198,1.7609973703713988,2.4232073172213395,3.345710699318692,2.959701859543016,3.747639233785522
all_305,correct_answer,restoration,19,305,5.2513710435353426e-49,1.5754113130606028e-47,2.0085188859174714,1.7312057973779102,2.3136357086761703,0.022707394469738556,0.005167571145788177,0.04110121018731522,1.985811491447735,1.705416066070225,2.2923769136057657,3.377644757875923,3.015442712200902,3.755649694672486
heldout_265,correct_answer,restoration,19,265,5.2513710435353426e-49,1.5754113130606028e-47,2.023831396859699,1.7095082532750405,2.357014893702433,0.01936840045399217,0.0021100957333912,0.03743844066082685,2.0044629964057066,1.6875726297573521,2.340181310126468,3.321155413174328,2.940877722019545,3.720795280723296
all_305,correct_answer,restoration,20,305,4.579472786372562e-50,1.557020747366671e-48,2.0486606630415545,1.7678731887113626,2.3488085819744646,0.023792744425664168,0.005258846238774626,0.04319337584476991,2.024867918615891,1.7421531486820867,2.3284847518900436,3.375322631534263,3.0092276129003235,3.748659139404428
heldout_265,correct_answer,restoration,20,265,4.579472786372562e-50,1.557020747366671e-48,2.060450050902075,1.7506855213122015,2.3920742729140563,0.0212292092160917,0.0031272291652495615,0.040223891414814486,2.0392208416859834,1.728322042809688,2.3675406091924343,3.3248870482268345,2.9385835805094622,3.72777797922763
all_305,correct_answer,restoration,21,305,2.4842008664740534e-50,8.943123119306592e-49,2.0150446469013774,1.7465323250207305,2.3117697187351527,0.02632202197279052,0.00888645235552314,0.04435842989695834,1.9887226249285863,1.7191135433620695,2.2904051976783664,3.3381249487626725,2.9793999949861867,3.7053634363093937
heldout_265,correct_answer,restoration,21,265,2.4842008664740534e-50,8.943123119306592e-49,2.024463740493715,1.7182493808499923,2.353730084292201,0.02242728035859635,0.005571323807002299,0.040268531964836776,2.002036460135119,1.6971229927070066,2.3316500561443334,3.293635296354999,2.9166429734844415,3.684243360401704
all_305,correct_answer,restoration,22,305,3.2293569699820863e-50,1.1302749394937302e-48,1.8647668494656422,1.599574026994467,2.1565520593411605,0.0234144276165388,0.007895163742857855,0.039658509474848606,1.8413524218491033,1.573669257548321,2.134545896951914,3.2796383438147947,2.9304336965358635,3.6423791530875813
heldout_265,correct_answer,restoration,22,265,3.2293569699820863e-50,1.1302749394937302e-48,1.8780632573933327,1.5851729791352969,2.20358480170884,0.019383543737790113,0.003857909120558918,0.03528386140155426,1.8586797136555429,1.5647008770071924,2.1862226466942394,3.2381724877480687,2.871232495656305,3.6228295340384005
all_305,correct_answer,restoration,23,305,4.579472786372562e-50,1.557020747366671e-48,1.8321990701994921,1.5670212229178415,2.1258805025147525,0.02235365394139364,0.007385427098038123,0.03801297016622233,1.809845416258097,1.5426510048997937,2.105321091840333,3.2516516074344817,2.9154969300056193,3.6181047705104614
heldout_265,correct_answer,restoration,23,265,4.579472786372562e-50,1.557020747366671e-48,1.8428862634329877,1.5524605909579823,2.1627228854065557,0.018602905850427894,0.0030529928580070257,0.03387369523303713,1.8242833575825586,1.5347814716791626,2.1452750870766417,3.206671210941139,2.840519870735043,3.5920521208735576
all_305,correct_answer,restoration,24,305,2.4824674065872635e-49,7.943895701079243e-48,1.6607163125509994,1.4109234621893927,1.933497478705215,0.021011172707889936,0.00609615886178031,0.03680627239587279,1.6397051398431086,1.3874930904701772,1.914828397563086,3.002439250657281,2.668092915981802,3.3520775010203625
heldout_265,correct_answer,restoration,24,265,2.4824674065872635e-49,7.943895701079243e-48,1.6765356251654189,1.4003135675168894,1.9792282970467927,0.016487692261796,0.0012411831083196589,0.03199403014872838,1.6600479329036224,1.3810663585294851,1.9645088887911126,2.9582334946788995,2.608147624311642,3.32662073708286
all_305,correct_answer,restoration,25,305,9.692411539657039e-49,2.713875231103971e-47,1.3566621973702926,1.133248684028301,1.598828998620864,0.01538896820322062,0.004278397240447821,0.027223488231031004,1.3412732291670713,1.1152341894679858,1.5856086209186246,2.6509403792438486,2.3481077750072337,2.976798564489055
heldout_265,correct_answer,restoration,25,265,9.692411539657039e-49,2.713875231103971e-47,1.3910598155617029,1.145865096385072,1.6686073373646975,0.010937492230177506,-0.00040646895073815265,0.02282905334754505,1.380122323331525,1.134453645044548,1.6595087027404207,2.6219693872675234,2.2951693138620843,2.9720967503522373
all_305,correct_answer,restoration,26,305,5.670003884178474e-49,1.6443011264117576e-47,1.4934573224972396,1.2570849674715094,1.7531063424595565,0.01755920276789392,0.004746684365229971,0.031008431722114108,1.4758981197293453,1.2398303430304587,1.73669075699191,2.79108040635974,2.4661832221498954,3.1298012452554858
heldout_265,correct_answer,restoration,26,265,5.670003884178474e-49,1.6443011264117576e-47,1.530182519917591,1.270108822736827,1.8225098415582213,0.012618476063406768,-0.0003129355373680721,0.02614880828192655,1.5175640438541833,1.2551597958320198,1.8111863656027196,2.7712959154227215,2.4244455284473134,3.131403338308793
all_305,correct_answer,restoration,27,305,1.5040884621023694e-48,4.0610388476763975e-47,1.3698199211990245,1.1455820892608655,1.620686114355312,0.016830033007506972,0.0055160803288994515,0.029508750020555505,1.3529898881915168,1.1283673367232057,1.605601038076064,2.6244665767298607,2.3193668872655326,2.952845891687776
heldout_265,correct_answer,restoration,27,265,1.5040884621023694e-48,4.0610388476763975e-47,1.4117492644874465,1.156942056633153,1.6949440228235224,0.012084134075853317,0.0002229874881916335,0.024824755761508853,1.3996651304115924,1.144441485063912,1.6846935459013597,2.61307583151213,2.278402561320221,2.9650105044025308
all_305,correct_answer,restoration,28,305,2.5406690820739135e-48,6.605739613392175e-47,1.2373601381274923,1.0237509289303817,1.4761567180322472,0.010647283005475204,0.0015723438922540921,0.020410605249017087,1.2267128551220166,1.012756160298162,1.4656837398078726,2.503832794900198,2.1979603638826712,2.8302796614381247
heldout_265,correct_answer,restoration,28,265,2.5406690820739135e-48,6.605739613392175e-47,1.2723137081072955,1.0321671238666252,1.5448639559416255,0.007497515378132476,-0.0019312981370652456,0.01726241516219752,1.2648161927291632,1.0235626181301238,1.53968426791284,2.495023608878104,2.1670207137649125,2.851279194270484
all_305,correct_answer,restoration,29,305,3.5091402562594235e-49,1.0878334794404213e-47,1.3978750181787154,1.168198061908033,1.6526469508529096,0.012912314588588282,0.0026758056883237854,0.023873388896240168,1.384962703590126,1.1543218474981765,1.6393844782522558,2.564127666322997,2.2522077502635476,2.8811531480475194
heldout_265,correct_answer,restoration,29,265,3.5091402562594235e-49,1.0878334794404213e-47,1.4277967919263341,1.1781230598840366,1.7202783661874712,0.009444261910070811,-0.001008383759060446,0.020531792377806387,1.4183525300162623,1.1668143731793585,1.7126677187370714,2.555032362643329,2.2250303233318065,2.911802134165513
all_305,correct_answer,restoration,30,305,4.318036661016769e-46,8.636073322033539e-45,0.8725433372656951,0.7089475126362047,1.0497319052685823,0.00864004690129187,0.0017313007474596457,0.015624630583248058,0.8639032903644034,0.7000223460057303,1.0411074621451974,1.5981564749686017,1.3728985941126193,1.8465176073872622
heldout_265,correct_answer,restoration,30,265,4.318036661016769e-46,8.636073322033539e-45,0.8987429192023982,0.720718727470345,1.0992777657545207,0.006165462821634963,-0.0011649224064739297,0.013459464810704452,0.8925774563807636,0.7131548849696137,1.0930465102813627,1.6175345293760748,1.373179472546558,1.8813621929735656
all_305,correct_answer,restoration,31,305,7.063720726404887e-47,1.6952929743371728e-45,0.8179843983356437,0.6602451670861182,0.9928276707869709,0.007708915207239377,0.001831502195169208,0.013642873445155803,0.8102754831284038,0.6529084334548082,0.9861083108237396,1.4657186180687394,1.2576523648818518,1.688228470036928
heldout_265,correct_answer,restoration,31,265,7.063720726404887e-47,1.6952929743371728e-45,0.8493607498362865,0.6771628981229895,1.0422263830067833,0.0063227496388113275,-5.725817663842504e-07,0.012515901715978054,0.8430380001974745,0.6702513887351255,1.0360513218934497,1.499112323461167,1.2720979791033793,1.7438874877902601
all_305,correct_answer,restoration,32,305,8.844494560868593e-47,2.034233748999776e-45,0.7580777432026585,0.6203976739517368,0.916033227183495,0.008432593429722794,0.0026550918540866404,0.01445196325663758,0.7496451497729358,0.611721433702235,0.9077081938924442,1.2469151479664637,1.0656275541620954,1.44328334698791
heldout_265,correct_answer,restoration,32,265,8.844494560868593e-47,2.034233748999776e-45,0.7751676952223041,0.620310345039412,0.9484337143023086,0.006616757349909013,0.0007374212376770227,0.012824150213614752,0.7685509378723954,0.6135502548611125,0.9421006723597009,1.2677196323517042,1.0690571174122907,1.4815982492709823
all_305,correct_answer,restoration,33,305,1.735110700302203e-43,3.1231992605439655e-42,0.5275513902754333,0.4323621688708481,0.6328476611874481,0.006497912069405201,0.002102106204347305,0.010987588186700488,0.5210534782060279,0.4256967581692142,0.6272749839168201,0.800270754125114,0.6789572396747166,0.9313776046871182
heldout_265,correct_answer,restoration,33,265,1.735110700302203e-43,3.1231992605439655e-42,0.5379177076893007,0.43343934410064233,0.654533372759506,0.005809579772249502,0.0011389307092407154,0.01075798372985813,0.5321081279170509,0.4277740690191974,0.6476333829067027,0.8092183051433951,0.6807876889908547,0.9524207603623176
all_305,correct_answer,restoration,34,305,9.367945789724871e-42,1.4988713263559793e-40,0.18432903861303226,0.1534864921612338,0.2183809407125386,0.003380791375066993,0.0007923061890612039,0.0060578282887549986,0.18094824723796532,0.14954404628656542,0.21505389225312138,0.27406257563908215,0.23157833022136068,0.31934604000289407
heldout_265,correct_answer,restoration,34,265,9.367945789724871e-42,1.4988713263559793e-40,0.18497606674881586,0.1513932357600342,0.22220758383140476,0.0032652421396850593,0.00044467498905521077,0.006232395462513755,0.18171082460913082,0.14789116982445966,0.21932135491933316,0.27529434220246746,0.22874439421205886,0.32680349490163635
all_305,correct_answer,restoration,35,305,0.03519109849985389,0.03519109849985389,-0.0020457755896142325,-0.0053865684863549194,0.0011617427451387427,0.0008915391724626595,-0.00017549544725399004,0.001948214729500508,-0.0029373147620768924,-0.006282464808997293,0.00023564763975897782,0.008007159770978822,0.0024270280951214696,0.01345493459851291
heldout_265,correct_answer,restoration,35,265,0.03519109849985389,0.03519109849985389,-0.002565010679448014,-0.00618810751445957,0.0007920101407235192,0.0009013104487358973,-0.0001910589696825086,0.002025035099453868,-0.00346632112818391,-0.007095413373340393,-0.0001145913302819341,0.00844063072370953,0.0026627445812009705,0.014351841884794962
all_305,correct_answer,insertion,0,305,9.947592083173432e-46,1.293186970812546e-44,2.489829684107424,2.173288370344729,2.8074130883848656,0.1243250781419823,0.08121766880007376,0.17338717978171891,2.3655046059654428,2.0546392330956937,2.678059723485438,3.063434600650231,2.7168909516451474,3.413202949811698
heldout_265,correct_answer,insertion,0,265,9.947592083173432e-46,1.293186970812546e-44,2.4414655362704814,2.1122646337469324,2.788413999364433,0.11763093073365827,0.07176772438582452,0.16936801613219943,2.323834605536824,1.9995768117198807,2.6672801469272174,2.9933818929653344,2.633936250566306,3.368183517672723
all_305,correct_answer,insertion,1,305,4.3583433234150775e-46,6.537514985122616e-45,2.666917144904071,2.3519240904877208,2.995951732460869,0.12751193913266531,0.0831578347828272,0.17624298148635725,2.5394052057714043,2.2266066161986138,2.8681014296061482,3.2023341778513013,2.847025611981673,3.5710061701195386
heldout_265,correct_answer,insertion,1,265,4.3583433234150775e-46,6.537514985122616e-45,2.627658964160363,2.2903869011732643,2.983700694825552,0.1202024980735279,0.074621020174363,0.17183585653307704,2.507456466086835,2.1696893037374916,2.862014051553367,3.1354817782141757,2.765544147729048,3.530393888978345
all_305,correct_answer,insertion,2,305,1.1056449754084475e-47,2.3218544483577398e-46,2.9313995719375625,2.5896442236731807,3.2820481175063243,0.1364285089156188,0.0899504423403707,0.18685270998104092,2.794971063021943,2.4571697681539204,3.143386101774213,3.435717142508115,3.063450257679936,3.815439473165384
heldout_265,correct_answer,insertion,2,265,1.1056449754084475e-47,2.3218544483577398e-46,2.8943916015367934,2.5240962576308905,3.2733640980771925,0.13082622699054464,0.08055137047094536,0.18599315600650124,2.763565374546248,2.398752595180357,3.14067479919374,3.3676378773257354,2.9726437721810512,3.7815864506164787
all_305,correct_answer,insertion,3,305,1.4405282394574077e-47,2.7370036549690747e-46,3.0461577661764956,2.6928161920037943,3.4200871070495764,0.14659865504430977,0.09615351404464012,0.20066894609862193,2.899559111132186,2.5541015892183294,3.2714145091541376,3.534597721333195,3.152840424187881,3.936967117793218
heldout_265,correct_answer,insertion,3,265,1.4405282394574077e-47,2.7370036549690747e-46,3.0085640356181793,2.629836621978004,3.4082992014176408,0.14016548559321662,0.08767419168998136,0.19903235101594563,2.8683985500249634,2.49655612495745,3.2599319106310984,3.4753380230259108,3.061647244331458,3.899167821612104
all_305,correct_answer,insertion,4,305,1.8762262989671e-47,3.18958470824407e-46,3.0055477943484745,2.6539604782432007,3.3738364323846795,0.13402896768478526,0.08700469488310753,0.18642211443342058,2.871518826663689,2.5218510127597917,3.234999349036812,3.528790250807927,3.1369861304327604,3.9256959858448726
heldout_265,correct_answer,insertion,4,265,1.8762262989671e-47,3.18958470824407e-46,2.971028752994533,2.601720134086435,3.369677949084807,0.1283083256174846,0.07909175872979367,0.18295556911702301,2.842720427377049,2.478656855484643,3.2358665306608874,3.4751241597925846,3.0724955856686154,3.9070953484427484
all_305,correct_answer,insertion,5,305,1.659663071268589e-47,2.9873935282834602e-46,3.0066521781732356,2.6573675127826037,3.3677200625961112,0.13290853525128588,0.08610695139413262,0.18459101068823983,2.87374364292195,2.5312298912825884,3.2292570697718075,3.5374828698839473,3.1614612154833646,3.9320675182603724
heldout_265,correct_answer,insertion,5,265,1.659663071268589e-47,2.9873935282834602e-46,2.969916297303663,2.6030164793971995,3.3590550201005938,0.12684248886461835,0.07740633392936046,0.18130263792366424,2.8430738084390446,2.479008319400425,3.228210819414204,3.482894812048622,3.0791110030477373,3.9177460698201862
all_305,correct_answer,insertion,6,305,1.27406112326376e-47,2.54812224652752e-46,2.9958409753626243,2.6441824139386187,3.356482449797585,0.1266077683494426,0.08194273991365884,0.17464932305110337,2.869233207013182,2.522391564388995,3.223471601286365,3.5335562862653265,3.1604618353821103,3.9160917496139014
heldout_265,correct_answer,insertion,6,265,1.27406112326376e-47,2.54812224652752e-46,2.963120235557158,2.580358193064378,3.358415947697293,0.12125205746964918,0.07341311381584373,0.17432696431485278,2.84186817808751,2.462380159110078,3.23067369134647,3.4806717721110543,3.071865335673916,3.914964316817501
all_305,correct_answer,insertion,7,305,8.894506434071868e-48,1.956791415495811e-46,2.992611072108166,2.644227452532248,3.367581361753926,0.11897021958159633,0.07669864862402345,0.16692078739475705,2.873640852526568,2.527090374757489,3.2387882380042265,3.5100572202951397,3.131902113409871,3.914014356820334
heldout_265,correct_answer,insertion,7,265,8.894506434071868e-48,1.956791415495811e-46,2.9580156399581248,2.5781205354743473,3.3638521528516874,0.11389767882068767,0.06836464082493017,0.1624501069942109,2.844117961137437,2.4718740673734274,3.2428280544860293,3.4551222326486175,3.0444980022772663,3.886864513873777
all_305,correct_answer,insertion,8,305,5.590980050474734e-48,1.3418352121139363e-46,2.9837929983167166,2.6314184931140066,3.349234210653133,0.11690080242493364,0.0740524785763027,0.16332730871175358,2.866892195891783,2.522148214620894,3.2287389916453657,3.5076245387367253,3.1276697989932036,3.9033626149325773
heldout_265,correct_answer,insertion,8,265,5.590980050474734e-48,1.3418352121139363e-46,2.949564255867992,2.5716419051754627,3.3456021346368408,0.11182063206627214,0.06672191328700097,0.16235062564168834,2.8377436238017197,2.467118712823822,3.228178215609273,3.4521539597205346,3.054490183662237,3.875383794786919
all_305,correct_answer,insertion,9,305,6.631447015952071e-48,1.5252328136689764e-46,2.9462456318636767,2.5978493433515286,3.317850252243897,0.1174106636476294,0.0736986204406854,0.1639504233872493,2.828834968216046,2.483510796557279,3.1883508229344097,3.4745619550304614,3.1013252746921336,3.8658253146906616
heldout_265,correct_answer,insertion,9,265,6.631447015952071e-48,1.5252328136689764e-46,2.9103699334050126,2.545661655561003,3.3118547038162873,0.1122890553015601,0.06766036460824783,0.16173106496608458,2.7980808781034505,2.4359326417473595,3.186894958471211,3.4187749210618934,3.023046194063155,3.8522532989852722
all_305,correct_answer,insertion,10,305,4.7131214595323475e-48,1.2254115794784103e-46,2.915146646405475,2.571926386063694,3.283441915007814,0.1142791271712429,0.0728976262205978,0.15904206820404782,2.800867519234233,2.467437780276982,3.1600548852650734,3.4662422895258818,3.0875638759165427,3.860043124535732
heldout_265,correct_answer,insertion,10,265,4.7131214595323475e-48,1.2254115794784103e-46,2.8771627363857326,2.5037127605276983,3.277953876307668,0.10812713657024195,0.06387879759278019,0.1571378885924214,2.7690355998154925,2.4024982908780608,3.1640942190785477,3.4096432122344766,3.005704652080576,3.8338850372699755
all_305,correct_answer,insertion,11,305,4.205552009796937e-48,1.1775545627431424e-46,2.902425795634526,2.5620213792372173,3.263316589968686,0.11218229441691785,0.07257856842752823,0.1559848447910085,2.79024350121761,2.4501248806162073,3.1497193064407667,3.440314935686014,3.068910024137987,3.827447908510813
heldout_265,correct_answer,insertion,11,265,4.205552009796937e-48,1.1775545627431424e-46,2.865766957553044,2.4988292214365933,3.2614018736588943,0.10639910431330245,0.06514945694875515,0.15176895600406953,2.759367853239743,2.3983952217164908,3.1483119767823244,3.3858324707856458,2.993137790253585,3.809653921735461
all_305,correct_answer,insertion,12,305,2.9585397046275504e-48,9.20092911136916e-47,2.8732712954049755,2.5327238166557,3.249413777629951,0.10641317216678042,0.06810776469020519,0.1481686621483265,2.766858123238195,2.429465546489916,3.139146297115994,3.4143842808809124,3.0464521552838035,3.8202540573896866
heldout_265,correct_answer,insertion,12,265,2.9585397046275504e-48,9.20092911136916e-47,2.8367397440553668,2.4638767832562225,3.2291357506428335,0.10163753167576833,0.06181658867184998,0.14509645239501326,2.7351022123795974,2.367272812868751,3.124084520861822,3.361204003835288,2.958366260448524,3.789182245271503
all_305,correct_answer,insertion,13,305,2.875290347302863e-48,9.20092911136916e-47,2.851969794573303,2.5080272846229525,3.212573401432893,0.10027255317337248,0.06402174207899668,0.14076966836623236,2.751697241399931,2.409156560311504,3.109978766244612,3.409168826058505,3.0355404508646626,3.796757877103576
heldout_265,correct_answer,insertion,13,265,2.875290347302863e-48,9.20092911136916e-47,2.8110655956402613,2.4442480461778295,3.198839700310023,0.09453266468682046,0.054956667125738934,0.1368188611865033,2.7165329309534423,2.3503012643948766,3.1035505420480907,3.3534798799689147,2.954161157574073,3.773777588755297
all_305,correct_answer,insertion,14,305,3.284840421209216e-48,9.854521263627648e-47,2.7500195147966338,2.4089666219548307,3.1105079038097574,0.09089577261599391,0.056523897083151184,0.12912048420720573,2.6591237421806393,2.321366262618227,3.0162698757590576,3.3478425658864444,2.9741687129868284,3.7397545660031324
heldout_265,correct_answer,insertion,14,265,3.284840421209216e-48,9.854521263627648e-47,2.71555596452597,2.360467817202794,3.0950263118171533,0.08675531076304499,0.050089862008305654,0.12702643732485272,2.6288006537629247,2.274847730897883,3.00624256107494,3.298528118138766,2.908182849060424,3.712855963473053
all_305,correct_answer,insertion,15,305,2.422552202546583e-48,7.994422268403723e-47,2.7278432604662792,2.385182055504429,3.0768531839572253,0.0856128719048337,0.05147122369086294,0.12223012529566954,2.642230388561447,2.304187469214703,2.9831979538446456,3.302426501180106,2.9282756203361378,3.6814344659061917
heldout_265,correct_answer,insertion,15,265,2.422552202546583e-48,7.994422268403723e-47,2.6924965576226425,2.3349090751793646,3.074229536052329,0.08012257843293528,0.044646384869035154,0.11969461240464699,2.612373979189709,2.2603050097349056,2.9920746224661556,3.2513875631840223,2.860614026753783,3.655744022298713
all_305,correct_answer,insertion,16,305,4.131443910788737e-49,1.4873198078839452e-47,2.6172367517674786,2.2981830441550115,2.957287850985979,0.08374612488857817,0.05036167949205409,0.12049910621392226,2.5334906268788995,2.2170880394191848,2.870746388929573,3.222380589949423,2.879983345093621,3.583819274845637
heldout_265,correct_answer,insertion,16,265,4.131443910788737e-49,1.4873198078839452e-47,2.5822829030283665,2.2261629466030675,2.945439644520062,0.07949121010930411,0.04342569945677123,0.11917746054359905,2.502791692919064,2.1516884772685803,2.8587719880027356,3.1769823674915125,2.7908860956299257,3.566469125094967
all_305,correct_answer,insertion,17,305,9.151896228449166e-49,3.111644717672716e-47,2.520102291743649,2.205799049337673,2.8515064518514692,0.08641809153283979,0.05323617228183085,0.1228644579879594,2.4336842002108106,2.1202205716573506,2.7580013589651693,3.1095117035031956,2.7709724667950746,3.464890936442895
heldout_265,correct_answer,insertion,17,265,9.151896228449166e-49,3.111644717672716e-47,2.487590667859693,2.1527042757833312,2.8481663114663722,0.0814395383160907,0.04638920183316438,0.1200556472933902,2.4061511295436038,2.0747611697023944,2.7632415143532496,3.068471885206713,2.7020893677880826,3.4471449804416814
all_305,correct_answer,insertion,18,305,6.867663950551709e-49,2.403682382693098e-47,2.4770534798809845,2.1638853752651674,2.801425508461333,0.08128461868590413,0.04862164576209111,0.11760371244208717,2.3957688611950805,2.084103892756939,2.715271528174714,3.093885817062741,2.7619741794297132,3.438927680542449
heldout_265,correct_answer,insertion,18,265,6.867663950551709e-49,2.403682382693098e-47,2.4445822012616523,2.108820611677883,2.805751839030766,0.0779924409652744,0.04226119563239866,0.11778386233418424,2.366589760296378,2.0379604877057775,2.7231174832056086,3.057610000104626,2.6968173445980304,3.429966700470996
all_305,correct_answer,insertion,19,305,4.286199996684485e-48,1.1775545627431424e-46,2.1244223638546664,1.8535022706035775,2.415621030600804,0.07587962127436228,0.04494186859901907,0.11040917036236962,2.048542742580307,1.7801988923022594,2.3374152878091556,2.7503566468057477,2.4480503411013137,3.0675116938207774
heldout_265,correct_answer,insertion,19,265,4.286199996684485e-48,1.1775545627431424e-46,2.0925720888866843,1.7908800097314386,2.4035308827166735,0.07239439795516045,0.038314025669714875,0.11081536484526593,2.0201776909315248,1.7256358927629296,2.330571912783239,2.7201239454307005,2.3901617733104423,3.0658799829339856
all_305,correct_answer,insertion,20,305,5.1334064973193355e-48,1.2833516243298338e-46,2.0728846139685504,1.8023117178755537,2.361831013734525,0.06730334442784326,0.038417223279255994,0.10016422838263124,2.005581269540708,1.7352684376720726,2.2934473452936057,2.730276628599227,2.4272467352790708,3.054177209888699
heldout_265,correct_answer,insertion,20,265,5.1334064973193355e-48,1.2833516243298338e-46,2.0424424818485614,1.749996449492838,2.3599609870186025,0.06530609313553956,0.03351148551873,0.10180994531144674,1.9771363887130222,1.6876033700572355,2.293590496436768,2.70400385810361,2.37585717409681,3.049566521500856
all_305,correct_answer,insertion,21,305,3.6817701022918906e-48,1.0677133296646482e-46,1.897217296397774,1.6545718770676237,2.161228738010042,0.060879900430973785,0.033135482684073965,0.09048722862436451,1.8363373959668001,1.596439888184386,2.0940668405143112,2.556067731642596,2.271194341143458,2.854795024459388
heldout_265,correct_answer,insertion,21,265,3.6817701022918906e-48,1.0677133296646482e-46,1.8741706839240468,1.6065885513783387,2.1584956663647032,0.059236913532428596,0.030146164255271207,0.0930792930670763,1.8149337703916169,1.550008360245401,2.09540777032765,2.530906335699676,2.2239927665244625,2.8477612760826694
all_305,correct_answer,insertion,22,305,2.9217786698096963e-46,4.674845871695514e-45,1.5274129496763633,1.3181006950820273,1.7477605386636472,0.052399760823024125,0.027364092845534056,0.08145094299101215,1.4750131888533402,1.2677458858557435,1.6937305446296749,2.153686136298894,1.904384004215317,2.4089135181481742
heldout_265,correct_answer,insertion,22,265,2.9217786698096963e-46,4.674845871695514e-45,1.511222135109468,1.2797078175408816,1.746624533364079,0.04958055758625066,0.022089293113510534,0.08106487588117374,1.4616415775232177,1.235634325401767,1.693802608021968,2.132231823790778,1.8610051271830996,2.4082760081045493
all_305,correct_answer,insertion,23,305,6.5567152702965555e-46,9.179401378415178e-45,1.4566196026623304,1.2541160118329926,1.674960784205329,0.04961612500076299,0.024968805844074824,0.07726696673505924,1.4070034776615674,1.2068086610888296,1.622746722973173,2.0385359885375545,1.797630521591124,2.290427197450528
heldout_265,correct_answer,insertion,23,265,6.5567152702965555e-46,9.179401378415178e-45,1.440314342108414,1.221362084705625,1.672477640430026,0.04666564353328953,0.020285402863176646,0.07877121653600706,1.393648698575124,1.1787302843459746,1.6216477825529003,2.011675178777969,1.7547770701011387,2.2818267687717486
all_305,correct_answer,insertion,24,305,6.052228467522198e-45,7.262674161026638e-44,1.421704853599046,1.223078893096482,1.6342043507493975,0.05014304600616404,0.025493389620335753,0.07807680943952063,1.3715618075928822,1.173975323421081,1.581457433062398,1.9468758631961707,1.7096192169868927,2.1894571620726198
heldout_265,correct_answer,insertion,24,265,6.052228467522198e-45,7.262674161026638e-44,1.411280246481286,1.1947094988070837,1.639437594171002,0.046893158604878964,0.020254092286314942,0.07876189338654958,1.3643870878764075,1.148157014457724,1.5895555348419736,1.9246421550119484,1.6716215334956013,2.1906052834062173
all_305,correct_answer,insertion,25,305,3.338798395018108e-44,3.338798395018108e-43,1.1157045796233955,0.9509740260290538,1.2924846984819842,0.04434622863068968,0.023091768028720643,0.06892843642023935,1.0713583509927058,0.9075068568099536,1.2452230668965831,1.5428445504976371,1.3435727365884222,1.7482240526215485
heldout_265,correct_answer,insertion,25,265,3.338798395018108e-44,3.338798395018108e-43,1.1176379381069295,0.932682620910403,1.3083297337853153,0.040954157389303504,0.017875584823640257,0.06882049581025379,1.0766837807176264,0.8930422815948118,1.2647948167159322,1.5396791848555547,1.3143653359635645,1.7740560097173097
all_305,correct_answer,insertion,26,305,1.0295179425915728e-44,1.13246973685073e-43,1.1839106288004106,1.011340022097839,1.364803674106505,0.04459219807084807,0.022504472872457625,0.07068702035197376,1.1393184307295614,0.9679924727294192,1.3191059882043752,1.6315342370412482,1.427045132699005,1.8458747017528452
heldout_265,correct_answer,insertion,26,265,1.0295179425915728e-44,1.13246973685073e-43,1.1902966314729406,0.99775111233378,1.3937920649038618,0.04039802305778913,0.01612435714377175,0.06963817275681065,1.1498986084151508,0.96131752800741,1.3535222253098351,1.630949101236075,1.404506137718386,1.8701636262660364
all_305,correct_answer,insertion,27,305,8.735225336461063e-43,7.861702802814957e-42,1.0849473245226295,0.9199619326573178,1.2596946479581415,0.0425535710152658,0.021817210591063,0.06799235803711709,1.042393753507363,0.8806609381595905,1.2142173669361118,1.497169864958184,1.2983266332309988,1.703436179658104
heldout_265,correct_answer,insertion,27,265,8.735225336461063e-43,7.861702802814957e-42,1.0914373620995697,0.9133835049920982,1.2915753517207689,0.038941135330627555,0.015471665766354467,0.06624466259587396,1.0524962267689422,0.8774125143692388,1.2494507992930657,1.4999044300558395,1.2858746873409548,1.7324062887543723
all_305,correct_answer,insertion,28,305,1.8131003946550817e-39,1.4504803157240654e-38,0.8055016696785681,0.6684467943019902,0.9578315606722223,0.030858219886511256,0.012624019977437015,0.05334298295766873,0.7746434497920565,0.6395192459631276,0.9254218300589147,1.101724263403336,0.9293934505892462,1.292912425958538
heldout_265,correct_answer,insertion,28,265,1.8131003946550817e-39,1.4504803157240654e-38,0.8110842180418831,0.6584626933951878,0.9777009329465753,0.029115536462378452,0.008555713610187915,0.05538479660332261,0.7819686815795045,0.6329338629083341,0.945641309316219,1.1041060905328004,0.9136152603359098,1.3113642957982032
all_305,correct_answer,insertion,29,305,7.998290567086677e-36,5.598803396960673e-35,0.7224407290149333,0.591190858220953,0.8696343401159891,0.02487127377999784,0.006978236764227397,0.047151937409199624,0.6975694552349351,0.5683982942635822,0.8434747088558775,0.9721131771758589,0.8035538485695926,1.151141552159858
heldout_265,correct_answer,insertion,29,265,7.998290567086677e-36,5.598803396960673e-35,0.7317519428257951,0.5851592328692569,0.8916403881404485,0.02376586204090661,0.002837287959397661,0.049526120050868754,0.7079860807848881,0.5645375455677035,0.8663694013487157,0.9740665330552496,0.7919658506052742,1.170619078849465
all_305,correct_answer,insertion,30,305,6.707705346815033e-23,2.01231160404451e-22,0.4718304161407725,0.3620489678410542,0.5905337224272869,0.01907854655318737,0.003939763502783574,0.03807126307554045,0.4527518695875853,0.3461104984149589,0.5707996586430528,0.6497523127700019,0.5103279855937136,0.8019466264918139
heldout_265,correct_answer,insertion,30,265,6.707705346815033e-23,2.01231160404451e-22,0.48018220317009647,0.3605490921389544,0.6156818847351017,0.018515164833386,0.0012597645354421115,0.04025850938416817,0.4616670383367105,0.34349799123154406,0.5961771960564612,0.649843814060065,0.49559313470311916,0.8195353482582687
all_305,correct_answer,insertion,31,305,5.8839855099470075e-25,2.9419927549735036e-24,0.46128777479887345,0.35874286669857675,0.5756798555753745,0.017761153146249525,0.0037415660318522105,0.03608255631163692,0.443526621652624,0.3430138220053351,0.556752769699785,0.6285908917907708,0.4972027873258371,0.7752636553423802
heldout_265,correct_answer,insertion,31,265,5.8839855099470075e-25,2.9419927549735036e-24,0.4756574766067314,0.3629029942466334,0.6067728744301755,0.017853427717725304,0.002173125596237841,0.038527301277313776,0.45780404888900633,0.3466451837116616,0.5861350815611425,0.6396855540456425,0.4956005344538074,0.8051073107835915
all_305,correct_answer,insertion,32,305,1.735628189421513e-23,6.942512757686052e-23,0.41921338287591303,0.314855987454881,0.5420734636014297,0.016118595028180232,0.003137362819457805,0.03462492969263963,0.40309478784773284,0.29990132706092754,0.5218671499925426,0.5773448877224449,0.44335698656741174,0.7296612871111764
heldout_265,correct_answer,insertion,32,265,1.735628189421513e-23,6.942512757686052e-23,0.4300738894190035,0.3138008020384833,0.5651977855894015,0.01669280961705965,0.0017867663694417946,0.03697906477446242,0.41338107980194394,0.3003932924479826,0.5467800452933818,0.586626174397409,0.44067837103073076,0.7563580584809716
all_305,correct_answer,insertion,33,305,3.1011711284242976e-22,6.202342256848595e-22,0.3329027150192815,0.2536104332581328,0.42652647902992186,0.011031700407513084,0.0018302921242637708,0.022643452699733536,0.3218710146117684,0.24360300531372697,0.4144678196523019,0.46186677596380404,0.3529063406366018,0.5844181345551743
heldout_265,correct_answer,insertion,33,265,3.1011711284242976e-22,6.202342256848595e-22,0.3379682205117313,0.2502897841163445,0.44402787395023163,0.011530695945599566,0.00115645671966529,0.025079460622293638,0.3264375245661316,0.2410435301737568,0.431136737479557,0.466315072643188,0.3439350241654141,0.6078687309925952
all_305,correct_answer,insertion,34,305,6.158794175239526e-34,3.6952765051437156e-33,0.16612616697219165,0.12512537091797257,0.2137035022124185,0.0064187497496083655,0.0003900572476416481,0.015397361129138747,0.1597074172225835,0.11936896318122016,0.20658106526030912,0.24779579376301694,0.18860856080700386,0.31710425274787263
heldout_265,correct_answer,insertion,34,265,6.158794175239526e-34,3.6952765051437156e-33,0.1635910910584004,0.11934458102278331,0.21423881386231253,0.00687137923369833,5.535094071474265e-05,0.0166161698472556,0.15671971182470218,0.11284126005442675,0.20717868392995728,0.2450940124608547,0.1806895799383675,0.3187659257313436
all_305,correct_answer,insertion,35,305,0.5569088411507378,0.5569088411507378,0.0008377106136925204,-0.0028202844386364494,0.0043748792082851365,-0.00024376939414509969,-0.0012988999034371233,0.0007913560392426466,0.0010814800078376196,-0.0025197437326028335,0.004530388223561157,0.011874158402192967,0.004194720977307984,0.01954700767013885
heldout_265,correct_answer,insertion,35,265,0.5569088411507378,0.5569088411507378,0.0005869599396695303,-0.00342616888530959,0.004471592881165848,-0.00035841420026608197,-0.0014914683511053186,0.0007483180171939527,0.0009453741399356116,-0.0030282548900635252,0.0047742829520347335,0.012717790756620318,0.004236451242945945,0.021258263480944894
all_305,misleading_groundable,restoration,0,305,1.9088308174838963e-39,3.817661634967793e-39,3.173259902577524,2.7001002521969357,3.6745783156973584,0.019258381328341605,-0.001637829732851716,0.041542407161166896,3.154001521249186,2.6793108615764587,3.6557977664948345,5.367182284546002,4.806724562959395,5.946407398978277
heldout_265,misleading_groundable,restoration,0,265,1.9088308174838963e-39,3.817661634967793e-39,3.1395242629909443,2.627291460725173,3.6830704473797526,0.016890141280241844,-0.004547855210329335,0.039580045499607,3.1226341217107048,2.6067771970945497,3.6701111845872783,5.312984713850167,4.719490029973118,5.94873676278652
all_305,misleading_groundable,restoration,1,305,1.2058362933830744e-39,3.6175088801492234e-39,3.1773674798089058,2.693908370608852,3.6842892262038918,0.02028893818230194,-0.0006272158422560497,0.04231502579690489,3.1570785416266025,2.674926162193277,3.6673101849322993,5.355083845376167,4.798418936436708,5.933324795967504
heldout_265,misleading_groundable,restoration,1,265,1.2058362933830744e-39,3.6175088801492234e-39,3.1404723234550924,2.628777590865908,3.69741863778272,0.01726471855071444,-0.004002324016284126,0.040267865053706574,3.123207604904376,2.608811395939595,3.680085517152026,5.295436007243319,4.6997395160967885,5.918800264125289
all_305,misleading_groundable,restoration,2,305,2.890108533597913e-40,1.1560434134391651e-39,3.2050003282871553,2.7275548572977004,3.711900558833085,0.023943873163674773,0.0025933018480600836,0.04662500328851271,3.1810564551234775,2.701951211561354,3.688855256265655,5.3501497176527915,4.802360620283182,5.9336118344313125
heldout_265,misleading_groundable,restoration,2,265,2.890108533597913e-40,1.1560434134391651e-39,3.168973630060135,2.647483158366022,3.7232669658893114,0.01905783191199213,-0.002796474052041882,0.04229367472634196,3.14991579814814,2.6270574192081195,3.705798430370544,5.289979575193052,4.689297621750802,5.9212009893313935
all_305,misleading_groundable,restoration,3,305,1.6016738196700556e-40,8.008369098350278e-40,3.2204787043936074,2.742008227134989,3.724600244699367,0.023217152284132347,0.0023468816456538315,0.045164784508318026,3.1972615521094774,2.7203256532923685,3.7044390444616906,5.343521082139924,4.793508125944615,5.9232462887983965
heldout_265,misleading_groundable,restoration,3,265,1.6016738196700556e-40,8.008369098350278e-40,3.1889283808535778,2.677062239958602,3.733806166002388,0.017807812990548434,-0.004094716181427253,0.040579665765942755,3.1711205678630314,2.659678359485135,3.7189086267723646,5.286300521523596,4.699950941239619,5.910352333824672
all_305,misleading_groundable,restoration,4,305,4.708589600169954e-43,3.296012720118968e-42,3.327093213633142,2.8672927636414096,3.8227812710235916,0.02323024414925515,0.0019400567710865083,0.04578875110048113,3.3038629694838866,2.8423123017132044,3.798905833743867,5.341931234856635,4.801787274344955,5.907542764128248
heldout_265,misleading_groundable,restoration,4,265,4.708589600169954e-43,3.296012720118968e-42,3.29556641578666,2.7877517029913945,3.839044385023372,0.017949582456600235,-0.004430265692572543,0.04124996311172666,3.27761683333006,2.7659656818627267,3.8281780459696826,5.284463203539621,4.7047791706850965,5.902973198265312
all_305,misleading_groundable,restoration,5,305,5.0136912688677105e-43,3.296012720118968e-42,3.3277607002243488,2.8522453925745364,3.832955803950673,0.022613933817601795,0.0019083801022678891,0.04529731606532897,3.305146766406746,2.8310838915857324,3.810320704504651,5.339810214109884,4.76986229124339,5.9243606456888225
heldout_265,misleading_groundable,restoration,5,265,5.0136912688677105e-43,3.296012720118968e-42,3.2972709311680037,2.794884079923673,3.8201315673235614,0.01710183295130296,-0.004107452684351655,0.04053459689531204,3.2801690982167004,2.771911014884706,3.803804833537044,5.28191192469671,4.690896949499907,5.894901023816226
all_305,misleading_groundable,restoration,6,305,1.0370881727969832e-43,8.296705382375865e-43,3.377722116335631,2.9060171739598943,3.882509470756752,0.02412412254199259,0.0029002862743056444,0.046257228858015746,3.3535979937936338,2.881508890611872,3.8598181650195946,5.339532604395152,4.784928283949308,5.914834723056295
heldout_265,misleading_groundable,restoration,6,265,1.0370881727969832e-43,8.296705382375865e-43,3.348554935661781,2.8333825866231925,3.8995134957292326,0.018100891641107363,-0.0034645976021721293,0.041319596223607945,3.330454044020671,2.8166711679748397,3.8860120631225628,5.282116602316946,4.684789448358469,5.910608131388367
all_305,misleading_groundable,restoration,7,305,3.757630264140345e-44,3.3818672377263106e-43,3.4017735757185523,2.9241034659941842,3.8959371396464895,0.02452482708290665,0.0035941029519055024,0.04719754672780623,3.377248748635645,2.8985302557889883,3.8692478350633444,5.3311095519506795,4.77580873283796,5.909057868427218
heldout_265,misleading_groundable,restoration,7,265,3.757630264140345e-44,3.3818672377263106e-43,3.3738446570466842,2.868112309871106,3.9121157426056348,0.019629616331740245,-0.002107527134458436,0.042869284257612904,3.3542150407149443,2.844886976973114,3.8947482045686965,5.270110762398887,4.6832777805200765,5.887595147967749
all_305,misleading_groundable,restoration,8,305,1.6256917147255846e-44,1.6256917147255845e-43,3.4345743528832013,2.9657675971003443,3.9452751938490387,0.02382222392288652,0.0031871252188840817,0.045787787315203624,3.410752128960316,2.9430230695855673,3.9217609347689018,5.3308954334056695,4.781698068502333,5.903422118204143
heldout_265,misleading_groundable,restoration,8,265,1.6256917147255846e-44,1.6256917147255845e-43,3.403765149269813,2.907274970564154,3.953542113868935,0.018492454030727253,-0.0027594531055587707,0.04132788849996287,3.385272695239084,2.8864483525879385,3.9346416683632466,5.270499276681311,4.6905668953647774,5.889000778252251
all_305,misleading_groundable,restoration,9,305,1.107666851918558e-44,1.2184335371104138e-43,3.4128558926979355,2.944995848099351,3.916510868964558,0.019717175377526115,-0.000959832103534793,0.042223137106451,3.3931387173204084,2.923587599711199,3.894632333402092,5.3236022597375126,4.77795564730686,5.904483792166374
heldout_265,misleading_groundable,restoration,9,265,1.107666851918558e-44,1.2184335371104138e-43,3.386231751537645,2.8866962260631723,3.914481308923398,0.015734183135105946,-0.006153565394432442,0.038884741543358844,3.3704975684025396,2.8675357642027595,3.899977615363645,5.26121495516364,4.670740138053405,5.884270697709183
all_305,misleading_groundable,restoration,10,305,3.3313807567607863e-45,4.330794983789022e-44,3.42401750911091,2.964632999920571,3.9289766794565004,0.01806818701214519,-0.002249416956908001,0.039553680358446947,3.405949322098767,2.94709680257084,3.9107380180074385,5.302516586238559,4.753293721823515,5.882931636889779
heldout_265,misleading_groundable,restoration,10,265,3.3313807567607863e-45,4.330794983789022e-44,3.396946752554333,2.891510446047631,3.9414351658727127,0.015189383624965323,-0.006023889257081494,0.038278995618187636,3.3817573689293683,2.878816507155854,3.926335896482521,5.236484737632262,4.643308889156317,5.857455999253212
all_305,misleading_groundable,restoration,11,305,3.5857374481074554e-45,4.330794983789022e-44,3.400356273948366,2.9402071422001375,3.8856603850836886,0.017815610014096008,-0.002950681329074304,0.0389796519404329,3.3825406639342694,2.9210525577387254,3.869424630987896,5.294007652307745,4.747463598518557,5.853463458838446
heldout_265,misleading_groundable,restoration,11,265,3.5857374481074554e-45,4.330794983789022e-44,3.3724385745662366,2.870457017225346,3.9171339370298695,0.014919617321451722,-0.006566952137986686,0.0386928431022395,3.3575189572447846,2.8537590860239876,3.902108546979,5.223206975034607,4.616976788360259,5.845783067722752
all_305,misleading_groundable,restoration,12,305,1.0040069282181998e-45,1.4056096995054798e-44,3.4186864022534977,2.9559168254484134,3.9114550324648527,0.015020631218908287,-0.00561327869361024,0.03657058385330323,3.4036657710345883,2.9420658048790926,3.8974769509950558,5.288155825724445,4.728948789961812,5.86608696133429
heldout_265,misleading_groundable,restoration,12,265,1.0040069282181998e-45,1.4056096995054798e-44,3.3932837901111528,2.898288507702846,3.9210396807379535,0.013137709699850645,-0.007952821729601814,0.035743237053230216,3.3801460804113006,2.884159877427358,3.907864143653286,5.2187781840317795,4.626181824518618,5.83739217543309
all_305,misleading_groundable,restoration,13,305,2.2510045245262765e-46,3.376506786789415e-45,3.459757204905626,2.994430268868545,3.9464343592747286,0.01830908090382241,-0.0029229178838587684,0.040801240786715556,3.441448124001805,2.9756859682093966,3.9278458224421695,5.28527988456893,4.743821303499912,5.868513695071922
heldout_265,misleading_groundable,restoration,13,265,2.2510045245262765e-46,3.376506786789415e-45,3.4379134854164315,2.949606975997337,3.967993323086466,0.016550265201227366,-0.005768147130843035,0.039736972565424536,3.4213632202152056,2.929779354361134,3.9554172244548953,5.220272467835447,4.637749825930326,5.841607609413588
all_305,misleading_groundable,restoration,14,305,7.86447464409329e-48,1.2583159430549263e-46,3.5149995344001925,3.0600558323161615,3.996665174991964,0.023774345718334495,0.003777096752484404,0.04480890314938465,3.4912251886818595,3.035077132339046,3.97380851320703,5.2832368886610555,4.724176485114812,5.858268387799786
heldout_265,misleading_groundable,restoration,14,265,7.86447464409329e-48,1.2583159430549263e-46,3.4911883073886716,3.0101940672630767,4.024916047349611,0.023070965151923663,0.002647875480860212,0.04412877257893584,3.4681173422367504,2.9840556851414326,4.000129865097794,5.216048052898934,4.631312084520026,5.838668049126888
all_305,misleading_groundable,restoration,15,305,4.624479380756415e-48,7.861614947285905e-47,3.5498628475250276,3.0859133687965685,4.0187365829036175,0.020442370099689272,-7.551971637408489e-06,0.041133430249714255,3.529420477425337,3.063718975392686,3.999947634049354,5.2931077774229935,4.741589948877131,5.8531248745910585
heldout_265,misleading_groundable,restoration,15,265,4.624479380756415e-48,7.861614947285905e-47,3.5350754172556758,3.049260533590561,4.0637618068638615,0.021837363869379737,0.0007325482275009636,0.04390333171678894,3.5132380533862952,3.027937145032144,4.0466253412891104,5.226969175634105,4.640991103381492,5.853480908265185
all_305,misleading_groundable,restoration,16,305,1.276781171772593e-49,2.4258842263679266e-48,3.5437729036237573,3.105999159211339,4.010701679322168,0.015847501081072808,-0.0035622402139209542,0.03550691039132917,3.527925402542684,3.08743116197804,3.998336998802699,5.307951194550371,4.757988829498506,5.877432871272043
heldout_265,misleading_groundable,restoration,16,265,1.276781171772593e-49,2.4258842263679266e-48,3.5219772028776317,3.0486699357272258,4.0265186528438415,0.018907277848370325,-0.0006047452732673658,0.039410400579727355,3.5030699250292603,3.0261778806633295,4.011211738462762,5.239651003822382,4.657913559927566,5.861069218090983
all_305,misleading_groundable,restoration,17,305,8.672467202096936e-51,2.0813921285032648e-49,3.530242299793626,3.083286988990744,3.9997243288289273,0.010947033242492327,-0.010117370067601278,0.03225326362660669,3.5192952665511346,3.0720872114225664,3.993516340023814,5.336668304132777,4.781537494234827,5.92275922220251
heldout_265,misleading_groundable,restoration,17,265,8.672467202096936e-51,2.0813921285032648e-49,3.513673316371666,3.0506880781165946,4.015876255761451,0.014749627731752507,-0.006601578714233162,0.03721030375308952,3.498923688639916,3.0324787718587274,4.008061224177069,5.269240017268736,4.678898717777291,5.894365493411582
all_305,misleading_groundable,restoration,18,305,3.6657845593293594e-51,9.164481567436908e-50,3.5335580826223802,3.110579353234569,3.9961696910683444,0.01078178624247972,-0.011001264569890975,0.033118589070048395,3.5227762963798983,3.097704501671923,3.9866720991159794,5.333670822916009,4.801405541938512,5.899238091722465
heldout_265,misleading_groundable,restoration,18,265,3.6657845593293594e-51,9.164481567436908e-50,3.521797802413029,3.0697030019333624,4.017552140557996,0.014505966390530943,-0.007146100039052351,0.03807604522652948,3.5072918360224983,3.049244269878315,4.004221222880376,5.269436394521433,4.681811412553057,5.873871229582648
all_305,misleading_groundable,restoration,19,305,2.178971419582102e-51,6.536914258746306e-50,3.4231546912748785,3.0082250640459147,3.854348264097415,0.01124864988076548,-0.010180052651989412,0.033082364087646275,3.411906041394108,2.9910316804943484,3.848509104982201,5.3411876189730485,4.801550718312101,5.9004089506857085
heldout_265,misleading_groundable,restoration,19,265,2.178971419582102e-51,6.536914258746306e-50,3.3963780854973367,2.9546506183958505,3.851352889226755,0.015647663139229964,-0.005680907343076462,0.03781336094141549,3.3807304223581065,2.9343963076765265,3.8420350664543546,5.281931171874646,4.716814436328672,5.877347585813743
all_305,misleading_groundable,restoration,20,305,1.1159611218511254e-51,3.9058639264789387e-50,3.545083316806883,3.1345280516501304,3.9802184220722863,0.013497244474293818,-0.009570743772012927,0.037833012454048985,3.531586072332587,3.1192666471758472,3.969844548407846,5.358218716917424,4.820669584089448,5.922907246796132
heldout_265,misleading_groundable,restoration,20,265,1.1159611218511254e-51,3.9058639264789387e-50,3.5091726487950923,3.069421133398329,3.977032401710127,0.01700146361867633,-0.0068193339432528885,0.041423662435401354,3.492171185176414,3.0476270000236787,3.9638825579334336,5.296749699456921,4.72893925067853,5.89405741208287
all_305,misleading_groundable,restoration,21,305,1.0112124940178103e-51,3.640364978464117e-50,3.462180879338324,3.066583987274794,3.8915014643475963,0.022542289593596356,0.001139204020555912,0.04343919129207728,3.4396385897447312,3.0402837994856164,3.8714152863520277,5.341763731649738,4.8103125006551295,5.902159846132568
heldout_265,misleading_groundable,restoration,21,265,1.0112124940178103e-51,3.640364978464117e-50,3.417887436610102,2.9942359078488723,3.8649854070882936,0.028165368301995505,0.007137500011638729,0.04980502788604246,3.3897220683081097,2.963217334139918,3.8396871967706017,5.278428023341533,4.710501428725626,5.874160886073544
all_305,misleading_groundable,restoration,22,305,1.149443178127474e-51,3.908106805633412e-50,3.359672627748515,2.964177035271346,3.785638350810153,0.03490491281708849,0.01530786017615434,0.05506852973709676,3.3247677149314265,2.928522981144921,3.7519116766200185,5.342671639297376,4.817919052913228,5.895077401639375
heldout_265,misleading_groundable,restoration,22,265,1.149443178127474e-51,3.908106805633412e-50,3.318416069542937,2.9003023768376934,3.763559147828323,0.040735369169805725,0.020717836267128583,0.062078783768287536,3.27768070037313,2.8571483872950867,3.7248032208399566,5.280510203980155,4.713211708370344,5.870388341682061
all_305,misleading_groundable,restoration,23,305,1.2809960228447695e-51,4.227286875387739e-50,3.3181746569440747,2.9259533395341037,3.733597024684764,0.03768376663777472,0.01900783794546578,0.05674352975700071,3.280490890306297,2.884952498589654,3.699011019146077,5.3415281089781415,4.806252176655975,5.9024112942694575
heldout_265,misleading_groundable,restoration,23,265,1.2809960228447695e-51,4.227286875387739e-50,3.271769926924036,2.8538348380692518,3.710188918267218,0.0440521985848099,0.024628194872315504,0.06512810147124073,3.2277177283392247,2.806499723563244,3.665108760821714,5.280119300368703,4.719059336998201,5.861642530021722
all_305,misleading_groundable,restoration,24,305,1.8077505668648053e-51,5.784801813967377e-50,3.2526604679948234,2.86437433443947,3.6701035988792654,0.03620686767724595,0.01799703234736948,0.05478774049752268,3.2164536003175783,2.828965705437952,3.636375668292407,5.306500816566589,4.758999558465504,5.876464337898116
heldout_265,misleading_groundable,restoration,24,265,1.8077505668648053e-51,5.784801813967377e-50,3.2109062056514968,2.8076908886772083,3.6505577988349263,0.04233586142552963,0.022736262514936736,0.06241053832215336,3.168570344225966,2.7605099764938155,3.6083016577555562,5.246678288483726,4.6779812530322475,5.859639853103435
all_305,misleading_groundable,restoration,25,305,2.403898968702131e-51,6.768878471532022e-50,2.8378633744466013,2.4947628536442976,3.214981564289026,0.04332555059854719,0.027691356069229567,0.06016336225962375,2.7945378238480556,2.450661838180052,3.174256500360133,4.974204178295523,4.472309547277819,5.504549481550472
heldout_265,misleading_groundable,restoration,25,265,2.403898968702131e-51,6.768878471532022e-50,2.8088970926953873,2.4454148177656228,3.209782659419777,0.0498445406905715,0.03304643540435685,0.06803644047539098,2.7590525520048157,2.395105445982592,3.1614765536263856,4.94527960597282,4.426749806190022,5.51478283283323
all_305,misleading_groundable,restoration,26,305,2.3340960246662147e-51,6.768878471532022e-50,3.0363964177220586,2.664884186492247,3.4367858652192522,0.044383763823168235,0.02806631283582734,0.06214361253785362,2.992012653898891,2.619452970043567,3.3933814373115516,5.15276103036526,4.624119576332681,5.704221425427235
heldout_265,misleading_groundable,restoration,26,265,2.3340960246662147e-51,6.768878471532022e-50,3.0018522807360415,2.6109218190510552,3.4163543764018303,0.052152401800551335,0.034225319056320785,0.07144424884154313,2.949699878935491,2.5571043444456163,3.3648496545867035,5.109725177444169,4.568307154999167,5.701395891173352
all_305,misleading_groundable,restoration,27,305,2.4515850404149495e-51,6.768878471532022e-50,2.83900162332828,2.4879301795258377,3.2270663500178327,0.04324004936991209,0.028606481743599407,0.05893138819748063,2.795761573958367,2.4438242777572463,3.1855504561647856,4.9737040711925715,4.471735762269731,5.507449302100848
heldout_265,misleading_groundable,restoration,27,265,2.4515850404149495e-51,6.768878471532022e-50,2.805128504333096,2.432759291485921,3.1971442286325513,0.0492702996184102,0.033529900094498875,0.06673184857294186,2.7558582047146842,2.3803896009350387,3.1474183551991732,4.935527096296175,4.403434555944558,5.514221316257782
all_305,misleading_groundable,restoration,28,305,2.0542059914504484e-51,6.36803857349639e-50,2.722928992118966,2.3746911522232095,3.109393883032679,0.040868483504994904,0.026700877308169002,0.05611538974167887,2.6820605086139695,2.3337325174493837,3.0684927912999984,4.855574605253674,4.36022765283454,5.39393098177898
heldout_265,misleading_groundable,restoration,28,265,2.0542059914504484e-51,6.36803857349639e-50,2.684723515960895,2.3043911260056857,3.09430856685018,0.04608526438282887,0.030097659783516358,0.06326977396916057,2.6386382515780644,2.259267545403843,3.047914675358813,4.820269414735356,4.273564807898727,5.3931986277092525
all_305,misleading_groundable,restoration,29,305,3.5248006028603493e-51,9.164481567436908e-50,2.9472253945306455,2.575969232861589,3.3499971633822363,0.03980086329896349,0.023962182962837728,0.05680249928349535,2.907424531231682,2.537471231086937,3.309319500234733,4.870966672165658,4.358615420743837,5.396844812450407
heldout_265,misleading_groundable,restoration,29,265,3.5248006028603493e-51,9.164481567436908e-50,2.90424699999369,2.5168007195759547,3.3303074755763147,0.047776427272324035,0.03039715915790392,0.06726577716440751,2.8564705727213666,2.4672495330290487,3.2871398467995268,4.849611409972132,4.3150717147084485,5.420809090764116
all_305,misleading_groundable,restoration,30,305,2.02527162049801e-50,4.253070403045821e-49,2.155086885673281,1.8612554302451074,2.4697990476391456,0.032777823012950374,0.020492155615025275,0.0463763909532343,2.1223090626603303,1.827679952241939,2.438531298959516,3.5026789769167386,3.0764766507385897,3.957403233432939
heldout_265,misleading_groundable,restoration,30,265,2.02527162049801e-50,4.253070403045821e-49,2.1274509760370734,1.8224392640409217,2.4571547485372016,0.03777983774131572,0.024227789555553016,0.05329360148243975,2.089671138295758,1.7866727169840935,2.420284169986466,3.491194147982361,3.0497336310517396,3.9575956071917786
all_305,misleading_groundable,restoration,31,305,1.5877397327920453e-50,3.546623031401546e-49,2.072330526864255,1.7891906070085524,2.3679816578854886,0.031412110171776,0.019536917845934327,0.044499092458832955,2.0409184166924783,1.7596647974520094,2.3354491445792136,3.3448189226394303,2.941201320409628,3.7616430774309157
heldout_265,misleading_groundable,restoration,31,265,1.5877397327920453e-50,3.546623031401546e-49,2.0390843604801074,1.7439465927925806,2.3540050393861676,0.03607264222804959,0.023197025130459483,0.05038028010674072,2.0030117182520573,1.7089009369542396,2.3149144149408722,3.3217833886192243,2.897121718987791,3.769972693091561
all_305,misleading_groundable,restoration,32,305,1.542010013652846e-50,3.546623031401546e-49,1.7319548108463443,1.4904268844611333,1.9896099467102943,0.02442755616880088,0.014570251563495609,0.03542250072236862,1.7075272546775437,1.4662998801364293,1.966480626930074,2.6358473289070643,2.308401085611893,2.989632659660995
heldout_265,misleading_groundable,restoration,32,265,1.542010013652846e-50,3.546623031401546e-49,1.7173523753264286,1.4577581087411693,1.9837388845803885,0.02869866944526519,0.017761556129987307,0.04111191087260895,1.6886537058811626,1.429162526808175,1.95484768614674,2.6490270485778336,2.2917849205252936,3.02702513747971
all_305,misleading_groundable,restoration,33,305,3.808739631416757e-50,7.617479262833513e-49,1.2890152154256402,1.1167086277358607,1.4750177872030086,0.019677930571054204,0.012181748682589422,0.027609979207244104,1.2693372848545854,1.097190228452759,1.4555330168875844,1.8972836689376769,1.6697117020539542,2.1443193726858576
heldout_265,misleading_groundable,restoration,33,265,3.808739631416757e-50,7.617479262833513e-49,1.2835358716112826,1.0920517010466275,1.4865482253721076,0.02255066366282698,0.014324408394360208,0.031153353769161455,1.2609852079484558,1.069124541101644,1.4638613058674521,1.910328358101517,1.6534240213923233,2.1779093862968546
all_305,misleading_groundable,restoration,34,305,4.014151112146093e-49,7.225472001862967e-48,0.34735466809893495,0.30031835239546667,0.3987002494883206,0.008056560245426884,0.00445945762747489,0.011932482418701186,0.33929810785350834,0.2925427236470855,0.39023089895706153,0.49948140937316116,0.43707295096840626,0.5672363630470115
heldout_265,misleading_groundable,restoration,34,265,4.014151112146093e-49,7.225472001862967e-48,0.3405791769393187,0.2903499098770781,0.3957325227166027,0.00890591204759844,0.005115229374790623,0.013062391648662106,0.3316732648917206,0.2816997043820591,0.3864849574644527,0.49669347986742685,0.42727801651155756,0.5705684227373053
all_305,misleading_groundable,restoration,35,305,0.001315439611984095,0.001315439611984095,0.009036309993139141,0.005496196992629809,0.012762056456856241,0.0029858583274031147,0.0016714021172341488,0.004383038324080858,0.0060504516657360246,0.0021745268872604227,0.010024174763184847,0.030612175286718363,0.02399554495824549,0.03736833136386138
heldout_265,misleading_groundable,restoration,35,265,0.001315439611984095,0.001315439611984095,0.009005634950383284,0.004886351228301471,0.01313289163219255,0.00314966307917458,0.0017353529577732044,0.004716643199352411,0.0058559718712087065,0.0015265389969963204,0.010357431763195209,0.030948896772781904,0.023794310027103426,0.038276303648283
all_305,misleading_groundable,insertion,0,305,5.267183421991161e-51,7.641512786976088e-50,3.945605451371658,3.473656193205302,4.420713351865725,0.11517726485869242,0.07360156581369291,0.16190356068958256,3.8304281865129632,3.3614949085677566,4.304615509863419,4.842585810078152,4.3312215807338275,5.365112313147969
heldout_265,misleading_groundable,insertion,0,265,5.267183421991161e-51,7.641512786976088e-50,3.904709490051853,3.4231573115430245,4.415077529805405,0.11827672219429376,0.07401172469342085,0.16906642695264149,3.786432767857561,3.299306496578144,4.295493372718673,4.829975216599782,4.289233594575766,5.381320390965261
all_305,misleading_groundable,insertion,1,305,4.775945491860055e-51,7.641512786976088e-50,4.256237799725783,3.770932833512602,4.767383708095486,0.1189355643767163,0.07652784372698715,0.16668923698488575,4.137302235349069,3.6529282791398345,4.649168537331466,5.030260529706741,4.507360430837612,5.57795046818794
heldout_265,misleading_groundable,insertion,1,265,4.775945491860055e-51,7.641512786976088e-50,4.212791987503828,3.684665294656061,4.768390671486129,0.12141449002023466,0.07509308049577616,0.1726140842550793,4.091377497483597,3.5590375933563796,4.649173174161895,5.009999688705031,4.442730908934123,5.612365220350296
all_305,misleading_groundable,insertion,2,305,3.887854943863579e-51,6.998138898954442e-50,4.607300185663014,4.116364606872413,5.127646274689326,0.12692483895805168,0.08208048931043158,0.17425155700015954,4.480375346704966,3.990761870268137,5.003685825110468,5.220882583224389,4.68075382784008,5.791724016010235
heldout_265,misleading_groundable,insertion,2,265,3.887854943863579e-51,6.998138898954442e-50,4.571149184191222,4.037845423687396,5.135783450959012,0.12808197721758097,0.08087522889477408,0.17921582948277984,4.4430672069736445,3.909825554971629,5.00812672836473,5.190503688532377,4.620580172098355,5.798562671328155
all_305,misleading_groundable,insertion,3,305,3.012838835468497e-51,6.326961554483844e-50,4.786651089257959,4.2844263977272306,5.318488005642477,0.12618421288874795,0.08279212642135407,0.17477564014181676,4.66046687636921,4.158207176492505,5.18929526376845,5.345847698655034,4.7930883608147825,5.927707875006415
heldout_265,misleading_groundable,insertion,3,265,3.012838835468497e-51,6.326961554483844e-50,4.740238984305668,4.185556167738662,5.311052076726163,0.12712658195867535,0.08072768534855802,0.17935053217154237,4.613112402346991,4.057420606173755,5.188108479487693,5.291222871171237,4.7003022709083,5.915281621850942
all_305,misleading_groundable,insertion,4,305,2.626025021565553e-51,6.302460051757327e-50,4.748068401583584,4.236050053846683,5.287830551366063,0.10881839146745573,0.069406320177268,0.1514527621612896,4.639250010116124,4.128564494338719,5.178377086217336,5.343984303281264,4.782718316242587,5.928117486058209
heldout_265,misleading_groundable,insertion,4,265,2.626025021565553e-51,6.302460051757327e-50,4.701049529606088,4.149480702674119,5.275063443393243,0.11022633882202461,0.06956804704133572,0.1547629615501557,4.590823190784061,4.038498655479402,5.173741588943849,5.288119753441757,4.695309166276063,5.908979409498064
all_305,misleading_groundable,insertion,5,305,2.4515850404149495e-51,6.179451267491752e-50,4.745498318455889,4.240526491196125,5.276107484615708,0.1077762939577608,0.06984118173211018,0.15134133199570454,4.637722024498129,4.134274746807111,5.168731859074031,5.3569165884768495,4.810259993737588,5.942186310922193
heldout_265,misleading_groundable,insertion,5,265,2.4515850404149495e-51,6.179451267491752e-50,4.699080711389494,4.157200229122555,5.273153860425939,0.10972759248123828,0.06895078528754876,0.1551223854916936,4.589353118908257,4.052884090717067,5.166850165930116,5.300857475568578,4.713507104903599,5.91636400890518
all_305,misleading_groundable,insertion,6,305,1.861873602157278e-51,5.95799552690329e-50,4.734069152281633,4.230605625550463,5.266238489431492,0.1010198199565481,0.0642307763475084,0.141337577408255,4.633049332325087,4.130482695856798,5.164908055763811,5.360282610862209,4.810178814582085,5.936519823830397
heldout_265,misleading_groundable,insertion,6,265,1.861873602157278e-51,5.95799552690329e-50,4.688880838339118,4.147006312396764,5.2636125244712675,0.10196634198611469,0.061986744049100755,0.1459371390688276,4.586914496353009,4.044191316358001,5.162846890927947,5.304917005694384,4.71981083064467,5.927639251066053
all_305,misleading_groundable,insertion,7,305,1.9365552740262354e-51,5.95799552690329e-50,4.740729612455711,4.230888314655918,5.2706358939178415,0.0965442514510606,0.060325354859145246,0.13793319446362398,4.644185361004654,4.137164452575933,5.177804600422805,5.352001993018259,4.805841587685942,5.931075590785061
heldout_265,misleading_groundable,insertion,7,265,1.9365552740262354e-51,5.95799552690329e-50,4.69572187539079,4.134317522188221,5.273996905832298,0.09731672326139286,0.05913007988704575,0.14054901554865684,4.598405152129401,4.038680002162318,5.173497317610373,5.293370682409984,4.6861694498574336,5.911597632309612
all_305,misleading_groundable,insertion,8,305,1.9176098181650984e-51,5.95799552690329e-50,4.728624165398331,4.217944920303631,5.26239901560089,0.09525043812671491,0.05854217427045388,0.13608353299174922,4.633373727271619,4.125344229577731,5.164338809298282,5.348358795243487,4.799852549391373,5.941012146310804
heldout_265,misleading_groundable,insertion,8,265,1.9176098181650984e-51,5.95799552690329e-50,4.682707215300187,4.135744973545529,5.251690345117057,0.0973531168622878,0.05995307680987082,0.1404986712798458,4.585354098437898,4.04131287945652,5.152377960133533,5.289678094350178,4.710328125416,5.915945503957686
all_305,misleading_groundable,insertion,9,305,1.898848911276124e-51,5.95799552690329e-50,4.7204432581886895,4.2125516313109275,5.242044941656032,0.09646266673073815,0.0594293089485672,0.13829550984788735,4.623980591457949,4.118049929815325,5.146355045294776,5.316286717193286,4.764871717663165,5.889084493090569
heldout_265,misleading_groundable,insertion,9,265,1.898848911276124e-51,5.95799552690329e-50,4.6718435422672036,4.121999638657002,5.250281718809892,0.09796426337816283,0.05993450835756978,0.14115455958672174,4.573879278889039,4.0252385662489765,5.15227407596269,5.25752335230146,4.6615996038653,5.875775626531073
all_305,misleading_groundable,insertion,10,305,1.7725417407912207e-51,5.849387744611028e-50,4.68624054196734,4.174994751267886,5.2236055091416915,0.09822190885198803,0.061691971665155575,0.1389887649244445,4.58801863311535,4.077388225562115,5.122308315580687,5.291687982011152,4.741168724966239,5.871532155748418
heldout_265,misleading_groundable,insertion,10,265,1.7725417407912207e-51,5.849387744611028e-50,4.628834158616937,4.071748761169869,5.199142237130221,0.09849794958143678,0.06113726565632441,0.13983555997842514,4.5303362090355,3.972986134806023,5.100305458410444,5.232458212781332,4.642554563642691,5.838703497357343
all_305,misleading_groundable,insertion,11,305,2.731197353320581e-51,6.302460051757327e-50,4.663252559664118,4.151626135836457,5.207270981833715,0.09893524542950578,0.06171111839425809,0.1397874596310667,4.564317314234611,4.056848133429503,5.103823397844144,5.258300725471744,4.699086187143377,5.8388144973335185
heldout_265,misleading_groundable,insertion,11,265,2.731197353320581e-51,6.302460051757327e-50,4.59912949008715,4.049536019443347,5.183495102763967,0.09816534726268838,0.06097089946282097,0.13958528599381687,4.5009641428244604,3.9525428656174446,5.085345017925055,5.194889256674543,4.601780006247346,5.820884450402982
all_305,misleading_groundable,insertion,12,305,2.1576652400727772e-51,6.041462672203776e-50,4.650877887070498,4.124968002176421,5.173992498776123,0.09612989277601672,0.060553901343418315,0.1350240062663969,4.55474799429448,4.037488698351847,5.075030532682865,5.2513964384516365,4.692105174831243,5.811159835341535
heldout_265,misleading_groundable,insertion,12,265,2.1576652400727772e-51,6.041462672203776e-50,4.591222373726887,4.036680488226578,5.1792817758033705,0.0976380981389192,0.05959821992211802,0.14077851637016583,4.493584275587969,3.9427648300156193,5.079899959886276,5.189824964740627,4.594825290396827,5.811027492003327
all_305,misleading_groundable,insertion,13,305,1.2809960228447695e-51,4.61158568224117e-50,4.628589024079817,4.1333194000325575,5.165142540964832,0.09289825220878019,0.05771922075944861,0.13367142534674986,4.535690771871035,4.0421136163820774,5.065725995641237,5.230248306091883,4.685805973793857,5.820102261259122
heldout_265,misleading_groundable,insertion,13,265,1.2809960228447695e-51,4.61158568224117e-50,4.574278075295491,4.034195591928235,5.140087249867674,0.09608079883024467,0.058486035972446865,0.13804215662537675,4.478197276465244,3.9426269920585915,5.0448060439972195,5.1766796356101485,4.592400928925013,5.7786170177166865
all_305,misleading_groundable,insertion,14,305,1.4416543479103456e-51,5.04579021768621e-50,4.541926884490399,4.05789727025411,5.065387384132607,0.08560803218672279,0.05329598847074381,0.12145763128647437,4.4563188523036725,3.9746279017656563,4.976716092699044,5.159532878155376,4.629136795413878,5.732614158819008
heldout_265,misleading_groundable,insertion,14,265,1.4416543479103456e-51,5.04579021768621e-50,4.489180199351296,3.9615398287233594,5.042165530464253,0.08884316324036474,0.05391591254058466,0.12747418396606058,4.400337036110926,3.877244229506993,4.946062377936691,5.104588097807903,4.532607440542975,5.699265313208938
all_305,misleading_groundable,insertion,15,305,1.5597518011413463e-51,5.303156123880578e-50,4.527338805957911,4.035177096065804,5.040585804329406,0.08374355965819714,0.052273828975681606,0.11850009546509506,4.4435952462997115,3.9545264198657906,4.955077629087645,5.1355934554590785,4.604357327013956,5.688170121795753
heldout_265,misleading_groundable,insertion,15,265,1.5597518011413463e-51,5.303156123880578e-50,4.472979525980602,3.953647663110772,5.012822768999582,0.08848095430572837,0.05400324125608937,0.12647221268976827,4.38449857167487,3.8684139506274957,4.928054617109527,5.082695641792107,4.517654814560864,5.6601568489262615
all_305,misleading_groundable,insertion,16,305,2.288685654626575e-51,6.179451267491752e-50,4.456167127271004,3.9722772107634174,4.96156584956946,0.08454016551534484,0.05349616217041828,0.11991807953103609,4.371626961755656,3.8943523174598895,4.8705518183608,5.072834600070773,4.546173198300756,5.617833978817096
heldout_265,misleading_groundable,insertion,16,265,2.288685654626575e-51,6.179451267491752e-50,4.390618098626969,3.883351145704468,4.93913641021689,0.09031102885679981,0.056062906221333565,0.12842373923642836,4.3003070697701675,3.7954760108015586,4.842505331511354,5.014572644721359,4.462329660681349,5.599799476571392
all_305,misleading_groundable,insertion,17,305,2.288685654626575e-51,6.179451267491752e-50,4.349872510955914,3.870565845026902,4.847174936221577,0.08534776754373143,0.05472622064192696,0.11976994861513715,4.264524743412184,3.7898513071244415,4.757736577607482,4.957177187892102,4.451419676066514,5.492263893511029
heldout_265,misleading_groundable,insertion,17,265,2.288685654626575e-51,6.179451267491752e-50,4.279889944286128,3.7891224417817697,4.805450126295977,0.08894175580262564,0.054880718307512594,0.12538086779997745,4.190948188483505,3.7025333167097694,4.710937658066539,4.901870686830325,4.370703272472716,5.445773134429128
all_305,misleading_groundable,insertion,18,305,3.10283868327759e-51,6.326961554483844e-50,4.364452699134915,3.8996419324213467,4.866323137978019,0.09338163605342562,0.06095874468304532,0.12969928464121697,4.271071063081491,3.808810349769707,4.761247689135968,5.013160841503501,4.508431664869278,5.5423147223060045
heldout_265,misleading_groundable,insertion,18,265,3.10283868327759e-51,6.326961554483844e-50,4.292481883432988,3.7784744622129214,4.834979736273121,0.09693913688030126,0.060844841439760246,0.13600577625878477,4.1955427465526824,3.6849813111053455,4.73345632119554,4.9654231109375475,4.416243174270671,5.531520606039853
all_305,misleading_groundable,insertion,19,305,4.1232913389008507e-51,7.009595276131446e-50,3.9275187567129706,3.513352087165242,4.364668755951997,0.10109642788639962,0.06869323912056663,0.1368338034530771,3.8264223288265713,3.415384990923944,4.256555198425401,4.717409511256204,4.259495958252936,5.203377682772916
heldout_265,misleading_groundable,insertion,19,265,4.1232913389008507e-51,7.009595276131446e-50,3.85371483533344,3.4091803322884906,4.332014884911228,0.10475437111235678,0.06878851653654437,0.1442651179993758,3.748960464221082,3.3090774675820622,4.221766211839495,4.671543746377071,4.175326588357101,5.19039268714593
all_305,misleading_groundable,insertion,20,305,2.731197353320581e-51,6.302460051757327e-50,3.8244749106931515,3.4025539331925443,4.264296995579107,0.088106098544887,0.058683490681008976,0.11946768779041331,3.736368812148265,3.3187014164360615,4.172380854646906,4.669943474902317,4.207141194283197,5.147883408824483
heldout_265,misleading_groundable,insertion,20,265,2.731197353320581e-51,6.302460051757327e-50,3.7429027694319412,3.286245564622538,4.212798871182108,0.09172588604890965,0.05883684408867244,0.12649341255331822,3.6511768833830325,3.199005921734961,4.119475707490579,4.621851512621435,4.123787173461374,5.138447193601705
all_305,misleading_groundable,insertion,21,305,3.6657845593293594e-51,6.964990662725783e-50,3.4732832334670056,3.1072063081892574,3.857446139561229,0.08511715854366303,0.0589736787213039,0.11442853740783465,3.3881660749233418,3.024675313423134,3.766129602788768,4.499331784260898,4.070177294741273,4.952327446518516
heldout_265,misleading_groundable,insertion,21,265,3.6657845593293594e-51,6.964990662725783e-50,3.388277874062464,2.9939365312972503,3.812924402526112,0.08851316400300349,0.059919918275152494,0.1207405839165024,3.2997647100594603,2.911000545208407,3.7174925047989245,4.444556955769149,3.9786998558563673,4.934761096849203
all_305,misleading_groundable,insertion,22,305,5.477482248967549e-51,7.641512786976088e-50,3.014760362929737,2.6962524519167586,3.3351506341073422,0.08063608509571112,0.05580633808456354,0.10744004574165869,2.934124277834025,2.619406623996957,3.2485800263296882,4.052815928355808,3.6722829973069566,4.4369974930123295
heldout_265,misleading_groundable,insertion,22,265,5.477482248967549e-51,7.641512786976088e-50,2.93720970185939,2.6055074587724447,3.287618845295522,0.08456784930497258,0.057193548402474495,0.11374536188290316,2.8526418525544157,2.5217721233542627,3.1975202867364603,4.001811357817841,3.6055242118646698,4.414566568594759
all_305,misleading_groundable,insertion,23,305,6.405632310363519e-51,7.641512786976088e-50,2.86994940474136,2.5677214811854294,3.1682911190061613,0.07803317084219562,0.0536637164849717,0.10428781158328361,2.791916233899165,2.4929278538293875,3.087510638037204,3.8872241867864603,3.5298029692392787,4.252216104508812
heldout_265,misleading_groundable,insertion,23,265,6.405632310363519e-51,7.641512786976088e-50,2.7845709867135007,2.4739091822981636,3.104570963889743,0.08231465623856785,0.05587161582287819,0.11107658614643363,2.702256330474933,2.3939259403750457,3.0229061928578,3.835046733147692,3.4567809682098876,4.224384188085284
all_305,misleading_groundable,insertion,24,305,6.926838283851874e-51,7.641512786976088e-50,2.85155508564151,2.5610943238600905,3.1546604108806986,0.0780584454832338,0.053781418345880815,0.10449800169214743,2.7734966401582772,2.4860662931189634,3.0735116215066647,3.78294704120164,3.44238684754479,4.139700432081482
heldout_265,misleading_groundable,insertion,24,265,6.926838283851874e-51,7.641512786976088e-50,2.765791972168011,2.454986828533291,3.080798225578187,0.08178024600850443,0.05510087491717647,0.11007705027433518,2.6840117261595067,2.376747093476184,2.9969846139478027,3.7307009630728527,3.3626842368734864,4.105463964185317
all_305,misleading_groundable,insertion,25,305,5.531350233440323e-51,7.641512786976088e-50,2.5282917854254303,2.274380899751897,2.7881566439134455,0.07806287859274844,0.054957395387041454,0.10373347114608732,2.4502289068326806,2.198949320454498,2.705564835403122,3.5795660879825317,3.2483887223003456,3.9133850915144577
heldout_265,misleading_groundable,insertion,25,265,5.531350233440323e-51,7.641512786976088e-50,2.462612898222431,2.1921621041058668,2.7421262401758772,0.08325181493824169,0.05835847665171197,0.11110282527453194,2.3793610832841887,2.111510207611048,2.6556667775884155,3.5457348501333548,3.2002627070439704,3.909307412123599
all_305,misleading_groundable,insertion,26,305,4.775945491860055e-51,7.641512786976088e-50,2.662982418240248,2.398908182121843,2.9371305520487225,0.07861167946101208,0.05479659287549164,0.10398778433288663,2.584370738779237,2.319468202397104,2.8589166980768974,3.671698036941251,3.3457316153033623,4.0113664819177455
heldout_265,misleading_groundable,insertion,26,265,4.775945491860055e-51,7.641512786976088e-50,2.5908556497007593,2.3114052321292844,2.8821628156965673,0.08416453278178236,0.05848601691721269,0.11253367919097791,2.5066911169189776,2.2284189858692667,2.7955136811122863,3.636296715248177,3.2800164011584396,3.999434940131763
all_305,misleading_groundable,insertion,27,305,5.015580171964602e-51,7.641512786976088e-50,2.461464219173575,2.211552274138531,2.7149132845743824,0.07603793734783383,0.05317106220722851,0.10076577893628531,2.3854262818257417,2.1377857143639467,2.6363196793532886,3.441175656449582,3.12477240652319,3.7663507992853877
heldout_265,misleading_groundable,insertion,27,265,5.015580171964602e-51,7.641512786976088e-50,2.394082771680016,2.1310868567996253,2.670494328879656,0.08048670995980838,0.05565505051060462,0.10722833527707143,2.3135960617202063,2.0521009002669843,2.5840779911499414,3.4060292178610707,3.0633263008256657,3.751748215309274
all_305,misleading_groundable,insertion,28,305,6.859446216543445e-51,7.641512786976088e-50,2.1058304029898203,1.884825576415499,2.3402447846404413,0.07293418067754123,0.05177087060020363,0.09625783048296309,2.0328962223122784,1.813673781306442,2.2647801809097903,2.996199384114159,2.708566617250433,3.3001239103776987
heldout_265,misleading_groundable,insertion,28,265,6.859446216543445e-51,7.641512786976088e-50,2.0524713458645687,1.8146961438253846,2.2991578328355984,0.076735328703291,0.0530491857889929,0.10268667679918463,1.9757360171612763,1.7436004241966663,2.2192167816487887,2.9599942382439424,2.6424310861248244,3.2923953673827864
all_305,misleading_groundable,insertion,29,305,1.2689111405240366e-50,8.882377983668257e-50,2.0077746130997793,1.7902448709707361,2.2386981707402716,0.06274716367983461,0.04253749930480572,0.08561484634302781,1.945027449419946,1.7289463919573627,2.1715151873596277,2.781622795862684,2.4992829989981766,3.071226784297228
heldout_265,misleading_groundable,insertion,29,265,1.2689111405240366e-50,8.882377983668257e-50,1.9530352429330005,1.7232150399707198,2.1947085316283035,0.06738828212132954,0.04463750149024629,0.09289931958265196,1.8856469608116708,1.6586932236513707,2.126848746733609,2.7528097638223374,2.4547813995707464,3.076364233359242
all_305,misleading_groundable,insertion,30,305,3.423069133219179e-50,1.9003458347853336e-49,1.5346359637088203,1.3486317581387617,1.7287092790071543,0.051959255404288904,0.0345314939053558,0.07112799254438637,1.4826767083045318,1.3009432349676577,1.6752681485788379,2.1330166966272786,1.8885020881378622,2.3921684527341522
heldout_265,misleading_groundable,insertion,30,265,3.423069133219179e-50,1.9003458347853336e-49,1.5063193384168434,1.3150681643189146,1.7178392589109501,0.055853778379432506,0.036990246057245324,0.0772374938995218,1.4504655600374108,1.2615018115402423,1.6584829243157762,2.1220829330874955,1.8662303477126818,2.3979860573929077
all_305,misleading_groundable,insertion,31,305,3.167243057975556e-50,1.9003458347853336e-49,1.5036513946520988,1.3242453044572113,1.694264452639496,0.04961745431870525,0.03332493275323971,0.06832394045259019,1.4540339403333928,1.277742544198958,1.6423278242495403,2.0864987326761524,1.8505445716697497,2.3340838712088092
heldout_265,misleading_groundable,insertion,31,265,3.167243057975556e-50,1.9003458347853336e-49,1.4698335004343852,1.278560531432909,1.6721210427649078,0.05327117673174234,0.0347737040045021,0.07356096608006982,1.416562323702642,1.227771296497287,1.614263474763902,2.06769365352555,1.8129295300894352,2.347890148422917
all_305,misleading_groundable,insertion,32,305,5.778530510553997e-50,2.3114122042215988e-49,1.2585736372780503,1.0999945669531146,1.429948511442032,0.03884345572853166,0.02494187744573138,0.05401998273506562,1.2197301815495196,1.062544686440555,1.388988388493899,1.7372040883105784,1.529681239589138,1.9632638773971978
heldout_265,misleading_groundable,insertion,32,265,5.778530510553997e-50,2.3114122042215988e-49,1.2276895575597375,1.060350078311045,1.4021815315766886,0.04209066499475393,0.026880932616909263,0.059355101395660054,1.185598892564984,1.0195534935301982,1.3596078808294025,1.7149462206694535,1.4911738570124962,1.9626797553255877
all_305,misleading_groundable,insertion,33,305,6.427986124699715e-50,2.3114122042215988e-49,1.0189601071841814,0.8777697947293803,1.167902309770922,0.031784576766409,0.020591632953221327,0.04418878140807092,0.9871755304177718,0.8473314607038372,1.1358938813706114,1.4174862031513302,1.2367235422570033,1.6095056435898414
heldout_265,misleading_groundable,insertion,33,265,6.427986124699715e-50,2.3114122042215988e-49,0.9968390171462325,0.8526051755202171,1.1521949246156187,0.03470507038212665,0.022104558160112888,0.04837881234852847,0.9621339467641055,0.8190516567454446,1.1151741789510488,1.3963027885941945,1.2102071543777961,1.5895545362595251
all_305,misleading_groundable,insertion,34,305,2.1009992034562043e-47,4.2019984069124086e-47,0.31133015785368456,0.26893141145205196,0.35820260395281733,0.012800199801230164,0.006758962863063901,0.019939449312412063,0.2985299580524544,0.2571579040707786,0.3443078849420469,0.4802757444420173,0.4082460765905231,0.5623704691395129
heldout_265,misleading_groundable,insertion,34,265,2.1009992034562043e-47,4.2019984069124086e-47,0.29990497415891515,0.25550738320508404,0.3462005578993006,0.013930244624693593,0.007182264802297765,0.021788649781318493,0.2859747295342215,0.24238224866900618,0.33097288552573473,0.46320122567576616,0.38967071379547913,0.5397044350049904
all_305,misleading_groundable,insertion,35,305,0.0002344146591023238,0.0002344146591023238,0.011324230360406303,0.007025782799504775,0.015850788890158674,0.0025029692852324152,0.0010634697685530353,0.004017312394065312,0.008821261075173887,0.004496014710261096,0.013338564289801439,0.035877764453014306,0.02791204574623657,0.04430520793907495
heldout_265,misleading_groundable,insertion,35,265,0.0002344146591023238,0.0002344146591023238,0.01065611621224874,0.005910960004941182,0.015624003968887423,0.0028235783495161237,0.0012264790112526127,0.004513836558092533,0.007832537862732617,0.0031858181958979476,0.012594561450205047,0.03377314299103407,0.025212182916365403,0.042659279353506975
all_305,misleading_ungroundable,restoration,0,305,2.4899242408280144e-41,6.156614587548763e-41,3.582835872421134,3.103753476952216,4.069554351602882,0.027873333169273748,-0.00015476863675494527,0.05771498303067574,3.554962539251864,3.0777191152225387,4.036709674285103,6.422986228561622,5.8357017647703575,7.031930602480616
heldout_265,misleading_ungroundable,restoration,0,265,2.4899242408280144e-41,6.156614587548763e-41,3.562927922425382,3.0798304010712325,4.077620987617637,0.0146769942950652,-0.01291216046406178,0.043119598813619535,3.548250928130318,3.062819300385302,4.066935257505881,6.4754704593075925,5.855239860230285,7.136319836922379
all_305,misleading_ungroundable,restoration,1,305,2.052204862516254e-41,6.156614587548763e-41,3.5757135365137342,3.0854423931591883,4.080079783831196,0.028408814754109474,-0.00037595243675143556,0.05895133190393125,3.547304721759623,3.058532106052103,4.050850318004406,6.414021098420385,5.814314496361758,7.025637723239736
heldout_265,misleading_ungroundable,restoration,1,265,2.052204862516254e-41,6.156614587548763e-41,3.5576872744545445,3.0784782451338257,4.075629233568748,0.014690041458741903,-0.01343195172458687,0.04352286027343622,3.5429972329958033,3.05914024043842,4.065749288029173,6.4618752085126765,5.828607347541304,7.119625914683415
all_305,misleading_ungroundable,restoration,2,305,5.088748189337492e-42,2.1500509397911462e-41,3.575386087751958,3.1161848238466527,4.069517207607061,0.03504260219510526,0.0031375535807203598,0.07073406555582798,3.5403434855568583,3.084372015270414,4.028195424956798,6.395905695749102,5.80080200676281,7.023725747740856
heldout_265,misleading_ungroundable,restoration,2,265,5.088748189337492e-42,2.1500509397911462e-41,3.5541503613138454,3.0687658329495484,4.053150232979647,0.018906249329948575,-0.009864154785485453,0.047690129344192596,3.5352441119838995,3.0449351306756967,4.037598141430471,6.442974853540141,5.797346269875863,7.099467584418155
all_305,misleading_ungroundable,restoration,3,305,4.3001018795822925e-42,2.1500509397911462e-41,3.5964132791407315,3.1213840645143267,4.0926204822106635,0.029814562283248077,-0.002374833852108746,0.06654398396057268,3.56659871685748,3.0935378346358693,4.058561368723102,6.385654558933035,5.784435514912511,7.001549641597837
heldout_265,misleading_ungroundable,restoration,3,265,4.3001018795822925e-42,2.1500509397911462e-41,3.5818788122845766,3.1014839474225044,4.08870338180379,0.013470441993463061,-0.016143298916855925,0.04281215972616491,3.5684083702911122,3.083634888995322,4.077153120567639,6.435732582808929,5.807190571202011,7.096879614008423
all_305,misleading_ungroundable,restoration,4,305,1.6143317780607777e-43,9.685990668364666e-43,3.7355443202923837,3.2598658949885997,4.233586144198648,0.03216017231282745,0.0008046265041380213,0.06804184110116349,3.703384147979554,3.2339018335077196,4.195152001599854,6.375260043112967,5.778425351607854,6.989218994406014
heldout_265,misleading_ungroundable,restoration,4,265,1.6143317780607777e-43,9.685990668364666e-43,3.732820403273488,3.237457282590824,4.238424354105866,0.01674494606057241,-0.01174029288618242,0.046210157984981265,3.7160754572129155,3.218155650930762,4.227605685035177,6.4239113283373905,5.796636551509263,7.0730506931118295
all_305,misleading_ungroundable,restoration,5,305,1.2882430405733724e-43,9.017701284013607e-43,3.7235436877919637,3.249820011850604,4.211153596803589,0.031842281379316294,0.0025606884496301545,0.06459054802102543,3.691701406412647,3.221145128227399,4.179528666339035,6.375384158177933,5.779453909724512,6.983829590020617
heldout_265,misleading_ungroundable,restoration,5,265,1.2882430405733724e-43,9.017701284013607e-43,3.7212326974043033,3.231398881864147,4.229087700309078,0.018524711524353994,-0.00975471972662367,0.046555611893968424,3.7027079858799503,3.20847714161382,4.214802919824201,6.423816358677249,5.7836212160349305,7.067551526123544
all_305,misleading_ungroundable,restoration,6,305,1.107666851918558e-44,8.861334815348464e-44,3.7729305232351864,3.3107732354931487,4.267605960468547,0.030183240827812447,0.001771068846044964,0.06103271821182728,3.742747282407374,3.280554131029901,4.242514677107487,6.379639793195319,5.7736806291259475,7.000740572375448
heldout_265,misleading_ungroundable,restoration,6,265,1.107666851918558e-44,8.861334815348464e-44,3.7681860893397476,3.287816920439387,4.271408113576276,0.018442417010820028,-0.009674358306288188,0.0465655225620595,3.7497436723289246,3.2653323516216277,4.254940615183564,6.42826799550792,5.7952850766048405,7.075401260297633
all_305,misleading_ungroundable,restoration,7,305,4.945854114009149e-45,4.451268702608234e-44,3.783520556715295,3.3109430569026976,4.2772038370667,0.02534811808799784,-0.0022068345871698878,0.053549400325582835,3.7581724386272994,3.2844842582772267,4.248261536306778,6.375813394572417,5.779987896189844,6.997372059721797
heldout_265,misleading_ungroundable,restoration,7,265,4.945854114009149e-45,4.451268702608234e-44,3.774374401198923,3.2935471475679092,4.263775008635607,0.016063893312711637,-0.012414099424591641,0.04527665066202279,3.7583105078862116,3.2709803353438662,4.250476181950575,6.424142193411276,5.7875501060154395,7.085821601502855
all_305,misleading_ungroundable,restoration,8,305,9.947592083173432e-46,1.0942351291490776e-44,3.8092623866154813,3.343505272938589,4.306608678375056,0.028294318573668077,2.113671703523819e-05,0.058112678226851414,3.7809680680418123,3.3133776281735123,4.278505288693463,6.38014057795473,5.78610289266919,7.004598368135529
heldout_265,misleading_ungroundable,restoration,8,265,9.947592083173432e-46,1.0942351291490776e-44,3.7947360265684384,3.3177794853467875,4.295223891322879,0.018461453447898703,-0.010515273935743797,0.04755431824076066,3.7762745731205403,3.2939406827425772,4.28031611143682,6.428392363580857,5.784125819640513,7.072275546350917
all_305,misleading_ungroundable,restoration,9,305,1.979766218749696e-45,1.979766218749696e-44,3.7666345702356594,3.303036627713866,4.259888488917154,0.023568700243459306,-0.003537878243061764,0.05102632541100132,3.743065869992203,3.27626500119519,4.234806136195794,6.370999232469695,5.772017000787353,6.974513933628549
heldout_265,misleading_ungroundable,restoration,9,265,1.979766218749696e-45,1.979766218749696e-44,3.7409624323451367,3.2633416338912307,4.228822845479587,0.01784928905933721,-0.011125656578337301,0.046927578644027475,3.723113143285802,3.241993267972303,4.217285597641593,6.417092893512297,5.784061928148758,7.067106457190016
all_305,misleading_ungroundable,restoration,10,305,3.236738357958851e-46,4.207759865346506e-45,3.7674365017760687,3.308664725334798,4.25221124035076,0.0244698397860879,-0.003815437874273559,0.053866191987868114,3.74296666198998,3.286579466977213,4.2261948047062425,6.349058442663273,5.755963254736923,6.970975136962285
heldout_265,misleading_ungroundable,restoration,10,265,3.236738357958851e-46,4.207759865346506e-45,3.728155331056965,3.2579658013858195,4.228480718744993,0.015760415941905314,-0.01230581675687584,0.044020446901042315,3.7123949151150613,3.2372002738627366,4.215381112533513,6.39827621813705,5.762750808314554,7.0490574361295675
all_305,misleading_ungroundable,restoration,11,305,3.898415058586365e-46,4.678098070303638e-45,3.7421187919604697,3.268082701881039,4.220101810866372,0.023775577232580107,-0.0020254973083482265,0.05043571484876984,3.7183432147278905,3.246181510536549,4.195083755367401,6.349780408644585,5.738818890942912,6.9572438107717
heldout_265,misleading_ungroundable,restoration,11,265,3.898415058586365e-46,4.678098070303638e-45,3.7061306529586404,3.229474811599513,4.192387174415976,0.017866067801109994,-0.010457890368675891,0.04595006785783867,3.688264585157529,3.2080089349704726,4.179947034253124,6.39673762001038,5.751653063377357,7.049071289852588
all_305,misleading_ungroundable,restoration,12,305,3.3328189486369643e-47,4.66594652809175e-46,3.774901354393712,3.3124472184017506,4.250295115763463,0.02344864426129257,-0.0025709281128229663,0.05071422688732528,3.7514527101324204,3.285100808918762,4.228767946808512,6.334916461861381,5.731879426048787,6.938443291853893
heldout_265,misleading_ungroundable,restoration,12,265,3.3328189486369643e-47,4.66594652809175e-46,3.749237911627155,3.2908127402216274,4.235584231361484,0.019033675670769898,-0.009664403839374246,0.047620949112937294,3.7302042359563865,3.2655649510555436,4.22296663460871,6.386568840716147,5.776286467365091,7.0376616610582055
all_305,misleading_ungroundable,restoration,13,305,7.790345879843402e-48,1.1685518819765103e-46,3.8292453243728293,3.377389356719424,4.301793008132406,0.024602429900652135,-0.0022151665786351773,0.05243882949978398,3.8046428944721753,3.350711550634808,4.2798771567013,6.3444933786949385,5.762163222687072,6.945345823813767
heldout_265,misleading_ungroundable,restoration,13,265,7.790345879843402e-48,1.1685518819765103e-46,3.817311170301422,3.354829491083371,4.299279705713588,0.01915470177185597,-0.010032244663870917,0.04857342121420118,3.7981564685295663,3.333503245463044,4.283921431446373,6.398093336806507,5.783365133910812,7.044740244273612
all_305,misleading_ungroundable,restoration,14,305,1.2666076602188933e-48,2.1532330223721186e-47,3.8681143177996242,3.4188320076122505,4.347194517721081,0.0279024310045121,0.0017678979200352258,0.055216579928127875,3.840211886795111,3.3891649671679436,4.319586228212886,6.336535119170926,5.753853086647657,6.950392106668784
heldout_265,misleading_ungroundable,restoration,14,265,1.2666076602188933e-48,2.1532330223721186e-47,3.862874548065529,3.3924582274017343,4.355468101675034,0.02201791415406116,-0.005611467258386844,0.050410159326863546,3.840856633911466,3.3667649666156207,4.340206392720906,6.394488831432042,5.775241181985496,7.036904298240296
all_305,misleading_ungroundable,restoration,15,305,2.4824674065872635e-49,4.7166880725158006e-48,3.915261140328719,3.4588822922412352,4.398943055967205,0.029441750579727175,0.002476234972086793,0.05704457238352425,3.88581938974899,3.4284489466491608,4.370261751555058,6.33142869291778,5.742954178841068,6.949380860262767
heldout_265,misleading_ungroundable,restoration,15,265,2.4824674065872635e-49,4.7166880725158006e-48,3.9171626296043773,3.4388016775290886,4.392431152593356,0.02379868619225929,-0.004080581260721458,0.05287525092565702,3.89336394341212,3.4142341449797695,4.373279184824932,6.391564629988564,5.75636716048745,7.0346236807275995
all_305,misleading_ungroundable,restoration,16,305,2.7915046252672983e-50,5.8621597130613265e-49,3.864186977989898,3.431919884143523,4.334770796227525,0.0307684755056726,0.004772706947890139,0.058528935007730994,3.833418502484226,3.397049321863309,4.30460746454541,6.330426145737283,5.747617233085505,6.941083990142536
heldout_265,misleading_ungroundable,restoration,16,265,2.7915046252672983e-50,5.8621597130613265e-49,3.8555108258432624,3.3951545305431132,4.33122814264578,0.024812781460322536,-0.0012475168685066233,0.05198028348648832,3.830698044382938,3.369479654792869,4.31227929717989,6.390721740172541,5.762341482626067,7.0619708905112635
all_305,misleading_ungroundable,restoration,17,305,2.2540159688886986e-50,4.958835131555137e-49,3.8255199502946438,3.3985572967492916,4.274784488923554,0.027449338182980287,0.0009537268518987244,0.05516259354451826,3.7980706121116663,3.364137483807488,4.252292413326221,6.346781261034945,5.7741332301317865,6.950276855401111
heldout_265,misleading_ungroundable,restoration,17,265,2.2540159688886986e-50,4.958835131555137e-49,3.81486773234486,3.372997446201293,4.2797444595405105,0.022519396750911896,-0.004387999710480077,0.049920950148990444,3.7923483355939474,3.3450361105133526,4.265113635677999,6.4068765152690705,5.783810871777212,7.055787820165961
all_305,misleading_ungroundable,restoration,18,305,1.4403428466281107e-50,3.744891401233088e-49,3.807128201525673,3.378113084419947,4.252723210911213,0.030661137813413317,0.006049432249674685,0.057168874734620206,3.7764670637122615,3.345776074039763,4.223064840175566,6.337722173483713,5.755569857391396,6.9540461220732155
heldout_265,misleading_ungroundable,restoration,18,265,1.4403428466281107e-50,3.744891401233088e-49,3.798304748024957,3.354268184864877,4.25688398679978,0.02876070389566851,0.004145638954790839,0.055066932492500005,3.7695440441292876,3.3182669736300365,4.232342612843712,6.400054783978958,5.777621592495912,7.039787383655912
all_305,misleading_ungroundable,restoration,19,305,1.7163938765906184e-50,4.2909846914765456e-49,3.634134749883414,3.2224512275312023,4.065936823648032,0.03140049158794381,0.008733379955818202,0.05511520267665018,3.6027342582954724,3.187007659027609,4.0341557025301125,6.365287162094441,5.770660425008352,6.974162290229421
heldout_265,misleading_ungroundable,restoration,19,265,1.7163938765906184e-50,4.2909846914765456e-49,3.6265761962021443,3.2037963171903536,4.065229493674091,0.030615314589162324,0.007394970713033243,0.05548323876092879,3.5959608816129847,3.1699062887196727,4.038201290536459,6.427665824098886,5.800494521992539,7.08158223547488
all_305,misleading_ungroundable,restoration,20,305,8.504697460255738e-51,2.2962683142690495e-49,3.73787195907103,3.328219247771687,4.155281753049444,0.037855181157224686,0.013726799199813866,0.06363101871412108,3.700016777913809,3.286558655135397,4.123095681122565,6.350847036184543,5.761584503339046,6.954127083215421
heldout_265,misleading_ungroundable,restoration,20,265,8.504697460255738e-51,2.2962683142690495e-49,3.7285726993542503,3.3120629884474444,4.17591908189031,0.036652951373942706,0.012114340627990123,0.06204133271735816,3.6919197479803074,3.2720600573633294,4.145914781501396,6.408689187181555,5.784170060608437,7.061478458205969
all_305,misleading_ungroundable,restoration,21,305,6.281551512228136e-51,1.8406873723273766e-49,3.6701276517927446,3.2701690977154145,4.09569884632938,0.045291065239955665,0.022616521567924538,0.06918654603242459,3.6248365865527914,3.2222434252237857,4.052339434924664,6.349769530091201,5.770449552370013,6.968845248258613
heldout_265,misleading_ungroundable,restoration,21,265,6.281551512228136e-51,1.8406873723273766e-49,3.6660246512822474,3.252985476125585,4.090905317559116,0.046464994707722786,0.024123152859919506,0.06974551589442439,3.619559656574522,3.201878808245036,4.045057952753674,6.403112156224111,5.7813709622360605,7.054133374087651
all_305,misleading_ungroundable,restoration,22,305,5.865815664578182e-51,1.8406873723273766e-49,3.5450761314244743,3.1601748610089877,3.9534202505548244,0.05160055128086436,0.032698356856604334,0.07253423825652291,3.4934755801436106,3.104012630327282,3.9049177154229424,6.356823400671017,5.784651406216625,6.956899391076665
heldout_265,misleading_ungroundable,restoration,22,265,5.865815664578182e-51,1.8406873723273766e-49,3.543282452634732,3.1321133778871975,3.9681287320733265,0.05188358243154738,0.03250845115486582,0.07298168346279747,3.491398870203185,3.0773366477822224,3.915831855568668,6.411895612830375,5.780959699650549,7.055614986417852
all_305,misleading_ungroundable,restoration,23,305,6.099903152947916e-51,1.8406873723273766e-49,3.4881263150341195,3.1003542156444523,3.897747752369706,0.054919179053147894,0.03577559571078219,0.07462432182545424,3.4332071359809726,3.0425834077655565,3.842051046585753,6.345920063124947,5.775106468873493,6.94300399325333
heldout_265,misleading_ungroundable,restoration,23,265,6.099903152947916e-51,1.8406873723273766e-49,3.480898545764493,3.076713659537093,3.8994061202257706,0.05570356813530328,0.03664359370623881,0.07591347390798943,3.425194977629189,3.0188995520952866,3.8464203380983455,6.397373951727774,5.775119802016238,7.036565201304961
all_305,misleading_ungroundable,restoration,24,305,3.92614741409664e-51,1.374151594933824e-49,3.380697468914339,2.9966246470136686,3.7766381033750034,0.0556698982155282,0.03674702724602047,0.07575553823101192,3.3250275706988113,2.939127128058066,3.7213360415861128,6.298790590873708,5.71008524290402,6.892744567514391
heldout_265,misleading_ungroundable,restoration,24,265,3.92614741409664e-51,1.374151594933824e-49,3.3906330700364764,3.0030275598694134,3.795428755230533,0.05600402252953431,0.03648467133844167,0.07656051643285536,3.3346290475069424,2.94303004772832,3.744243443089728,6.358461739421899,5.740508782832852,6.9927185412698805
all_305,misleading_ungroundable,restoration,25,305,4.775945491860055e-51,1.5760620123138181e-49,2.8452256746398255,2.5253690558275648,3.1826408697784023,0.051183277812145385,0.03488037609816917,0.06908424375012312,2.794042396827681,2.4721182740583227,3.134378955860257,5.96737090276333,5.4398843014827944,6.5205771456332835
heldout_265,misleading_ungroundable,restoration,25,265,4.775945491860055e-51,1.5760620123138181e-49,2.886779203300858,2.553785692998043,3.253732546731124,0.05067879203314789,0.03388782491611923,0.0681452194124829,2.836100411267711,2.502239958862871,3.2014328824392173,6.052450568785628,5.4871258591432515,6.641816298474702
all_305,misleading_ungroundable,restoration,26,305,3.490406455618129e-51,1.2565463240225265e-49,3.0941144500130067,2.742633667302304,3.4521518681878764,0.053200846992226034,0.036446514114803215,0.07124912689022149,3.0409136030207806,2.683751614948812,3.402338832607844,6.10657688601134,5.562956970735893,6.658224070521142
heldout_265,misleading_ungroundable,restoration,26,265,3.490406455618129e-51,1.2565463240225265e-49,3.1195365995767323,2.7418454287364487,3.5105753035705805,0.05258237120146414,0.03509952452324266,0.07128545108784143,3.066954228375266,2.687520098097648,3.4600022833704296,6.180608721774077,5.592363065867659,6.80020056517365
all_305,misleading_ungroundable,restoration,27,305,6.405594185965984e-51,1.8406873723273766e-49,2.864169805998442,2.5421240826233547,3.219149753977315,0.05289205290809886,0.03672302289818925,0.0701167798829287,2.8112777530903417,2.4880181706292293,3.1709343694554564,5.878590413684279,5.378960538758639,6.397162270019334
heldout_265,misleading_ungroundable,restoration,27,265,6.405594185965984e-51,1.8406873723273766e-49,2.9039405810732886,2.552702211815713,3.2714107013691307,0.051761278502736464,0.035248990366725165,0.0693347894669363,2.852179302570551,2.5001043767325832,3.218756945304188,5.959548792050311,5.398136924169413,6.53003649847178
all_305,misleading_ungroundable,restoration,28,305,4.3303408451312785e-51,1.4723158873446348e-49,2.6609304896128734,2.346426533281133,2.990255347048113,0.04771158634408295,0.03330185143788389,0.06287946382668294,2.6132189032687902,2.2955768953269313,2.9433755393572123,5.6935149370727975,5.1930040372673005,6.212457058072501
heldout_265,misleading_ungroundable,restoration,28,265,4.3303408451312785e-51,1.4723158873446348e-49,2.7035131709691123,2.360149588286368,3.0583187294929246,0.04521599725659758,0.030200744970372884,0.06105445112132648,2.6582971737125147,2.3122006967951347,3.015204756190594,5.776152463496074,5.232148373455043,6.339299791325125
all_305,misleading_ungroundable,restoration,29,305,5.752148038523052e-51,1.8406873723273766e-49,2.9632300382973105,2.620598800666149,3.318572256701728,0.04847142789661981,0.03275106204210416,0.06480601573198465,2.914758610400692,2.572422762134565,3.2752437818914597,5.672665998149606,5.169670934366105,6.186095540016631
heldout_265,misleading_ungroundable,restoration,29,265,5.752148038523052e-51,1.8406873723273766e-49,3.009094684835364,2.6460571975415985,3.3991970764912525,0.04645444479871562,0.030498610935999693,0.06252788095565542,2.962640240036651,2.5948912358674763,3.3581993388234723,5.756404574464834,5.2236911534117905,6.326250869005968
all_305,misleading_ungroundable,restoration,30,305,1.8374491971396336e-50,4.2909846914765456e-49,2.114467487657701,1.8408358078802036,2.4010301734940027,0.037719508672058234,0.02569637313075024,0.05067497075997209,2.0767479789856447,1.802430257952956,2.365297856434458,3.8908581128312822,3.4919855998186664,4.297953300554176
heldout_265,misleading_ungroundable,restoration,30,265,1.8374491971396336e-50,4.2909846914765456e-49,2.1926224425085232,1.8928610568536466,2.5102468280706267,0.034564505372043086,0.02301448978711629,0.047212579639305585,2.1580579371364803,1.8569766076106615,2.4775018052931372,3.9916018308743153,3.5597638517729955,4.457670365496819
all_305,misleading_ungroundable,restoration,31,305,1.7331886764687225e-50,4.2909846914765456e-49,1.935102705046143,1.6983750809530813,2.188581541311952,0.03596866231930252,0.02471002753563732,0.04824334514999037,1.899134042726839,1.660328525033579,2.1547470510133375,3.5449483569631055,3.1859927871166125,3.921979951356754
heldout_265,misleading_ungroundable,restoration,31,265,1.7331886764687225e-50,4.2909846914765456e-49,2.0014107499098066,1.7397009355866662,2.2735066350988586,0.03270376057027901,0.02205129262322476,0.04437034602947482,1.9687069893395281,1.705382194056918,2.2426271268252544,3.6269615827215897,3.2325018635280127,4.030650608966177
all_305,misleading_ungroundable,restoration,32,305,3.136633592575335e-50,6.27326718515067e-49,1.6119165265968038,1.4165050193018416,1.8259262496420137,0.03043314708174706,0.02055537378696149,0.040991608098559514,1.5814833795150578,1.3842037710850712,1.7973806044078118,2.69193312849179,2.4149835926370167,2.978589615848952
heldout_265,misleading_ungroundable,restoration,32,265,3.136633592575335e-50,6.27326718515067e-49,1.6690491768495808,1.4458769166685363,1.9035375321995078,0.027746059191466277,0.01808074945954212,0.037971989579433346,1.6413031176581157,1.4169573341767092,1.8779581783691028,2.7570028223103376,2.4587626960514752,3.06787719857491
all_305,misleading_ungroundable,restoration,33,305,2.902777759011449e-48,4.6444444144183185e-47,1.197960237013401,1.0394044812937093,1.3661104118514273,0.02492857066411693,0.017267072468038738,0.03343074241983263,1.1730316663492848,1.01311974730818,1.342189894886478,1.9192351311680582,1.7100435660411555,2.1365976335910424
heldout_265,misleading_ungroundable,restoration,33,265,2.902777759011449e-48,4.6444444144183185e-47,1.2445177512476089,1.0719415590146217,1.4310051655031448,0.021245409289556056,0.014279817180711495,0.02871225898707651,1.223272341958053,1.0505750423077118,1.4103311034142598,1.9781880933852765,1.7488836324127275,2.2218474976764337
all_305,misleading_ungroundable,restoration,34,305,2.9945711068666168e-49,5.39022799235991e-48,0.38699899943176275,0.33114625192567354,0.44961385709661195,0.010451142915826056,0.007100916395794469,0.013872681307612073,0.37654785651593625,0.3205511064875348,0.4395818377953448,0.6086834551544429,0.5332044954158001,0.69221977163401
heldout_265,misleading_ungroundable,restoration,34,265,2.9945711068666168e-49,5.39022799235991e-48,0.4043790656229074,0.3405248051002367,0.47640360226723133,0.009343230662103047,0.00576219048468968,0.012943892419336552,0.39503583496080413,0.33057866941744335,0.4669690805344283,0.6260257146168016,0.5413510397630845,0.7187245675128123
all_305,misleading_ungroundable,restoration,35,305,2.4666643466368503e-06,2.4666643466368503e-06,0.011141084676707692,0.007900771716906377,0.014403039091442447,0.0027317950501335214,0.001386384236889057,0.004130361981833625,0.00840928962657417,0.005106374527808224,0.011751606753703141,0.037371160435144594,0.030142698600390063,0.04487200189453764
heldout_265,misleading_ungroundable,restoration,35,265,2.4666643466368503e-06,2.4666643466368503e-06,0.010922923318851313,0.007475105251687268,0.014344628699933715,0.0022810210063005628,0.0008390403379309338,0.003707160656568087,0.008641902312550744,0.005157189911555323,0.01206339906782406,0.035932993717067985,0.028372616533310552,0.043856295066677625
all_305,misleading_ungroundable,insertion,0,305,4.806912257241747e-50,3.845529805793398e-49,4.525921396261382,4.046066293872112,5.032817398791223,0.15975915390550105,0.11479314702809834,0.20851950546461254,4.3661622423558795,3.888962042982052,4.867649575428426,5.6701621862313845,5.136429639161966,6.213978707970146
heldout_265,misleading_ungroundable,insertion,0,265,4.806912257241747e-50,3.845529805793398e-49,4.485217255977477,3.95963080030231,5.023132993045239,0.14164040405324987,0.09563125851515113,0.19257544616066505,4.3435768519242295,3.820969478244006,4.876994971284897,5.689002199714928,5.120671065447777,6.274575196267807
all_305,misleading_ungroundable,insertion,1,305,2.005659949894295e-50,3.783795251393672e-49,4.844561214169934,4.3392531225279605,5.381835158694004,0.16294318839657143,0.11696553436704385,0.211933450366781,4.681618025773362,4.176503132913794,5.219280490023992,5.887485753246068,5.339717103775104,6.456342219495334
heldout_265,misleading_ungroundable,insertion,1,265,2.005659949894295e-50,3.783795251393672e-49,4.822063769643964,4.28266091761117,5.385703649343336,0.14427124972842614,0.09811379362492054,0.19606719772936715,4.677792519915541,4.139702965658165,5.2426666908748825,5.916707110559848,5.342254752016052,6.523857413661163
all_305,misleading_ungroundable,insertion,2,305,1.0338655929183606e-50,2.9982102194632455e-49,5.237395073591912,4.732117697380433,5.7687680244871915,0.18655222322107431,0.13667954807966773,0.24499250051958577,5.050842850370836,4.543090430787089,5.581807530818554,6.270969770550238,5.7099499516191035,6.855694010531098
heldout_265,misleading_ungroundable,insertion,2,265,1.0338655929183606e-50,2.9982102194632455e-49,5.226587815858209,4.687222541939694,5.7810973629256095,0.16970386071583238,0.1168410247770094,0.22817152080692316,5.056883955142375,4.512965729306141,5.610974839460412,6.315070828577638,5.704486070145811,6.94462700415108
all_305,misleading_ungroundable,insertion,3,305,1.2203693123599654e-50,3.3184851525712377e-49,5.400456896094555,4.8741441131318535,5.959501911684174,0.1891441693787492,0.13852894370514585,0.24660816440870748,5.211312726715809,4.68728560000095,5.767415395131151,6.397861557258939,5.811851580477253,7.028008223674188
heldout_265,misleading_ungroundable,insertion,3,265,1.2203693123599654e-50,3.3184851525712377e-49,5.438345250069812,4.876014043283232,6.010806345055686,0.17023265914836572,0.1172124838351105,0.23177259898115699,5.268112590921447,4.7148797137878775,5.837572001575112,6.4500757878975366,5.815603838427336,7.102241876290188
all_305,misleading_ungroundable,insertion,4,305,9.017955262498798e-51,2.9775784231353887e-49,5.35214178109769,4.824537997072117,5.896672609835375,0.1567021517645292,0.11465425190690896,0.20302352011569855,5.195439629333156,4.6702126022236605,5.734063674159776,6.392309765298239,5.789450084035286,7.011996837669247
heldout_265,misleading_ungroundable,insertion,4,265,9.017955262498798e-51,2.9775784231353887e-49,5.388708839697082,4.828106439402228,5.970113424032207,0.14279950575964132,0.09869456758122651,0.1926432375539274,5.245909333937435,4.690424506050461,5.822164998794006,6.444547464910204,5.8096140107239505,7.099231386905123
all_305,misleading_ungroundable,insertion,5,305,9.286033014474479e-51,2.9775784231353887e-49,5.34958074826983,4.826679087944968,5.900928362999871,0.15848166302433295,0.11600318033189484,0.20437963804452833,5.191099085245496,4.672255773385117,5.741868609665548,6.401744440717542,5.807461285897825,7.022051362596392
heldout_265,misleading_ungroundable,insertion,5,265,9.286033014474479e-51,2.9775784231353887e-49,5.385730743331184,4.813998251785928,5.969530594987003,0.14550352283648435,0.09955767222079809,0.1944180288296796,5.240227220494704,4.670499469958445,5.815295917055065,6.452693085920345,5.801399938078093,7.1110684782129905
all_305,misleading_ungroundable,insertion,6,305,8.757583597457026e-51,2.9775784231353887e-49,5.347661518842886,4.828223193422318,5.888154360618389,0.15138224419030658,0.11069968566377845,0.1949144844949656,5.196279274652583,4.677761137697291,5.738356552057868,6.397254893853445,5.805137965865026,7.007197878407101
heldout_265,misleading_ungroundable,insertion,6,265,8.757583597457026e-51,2.9775784231353887e-49,5.386770862968789,4.825124270774833,5.978485601785514,0.14051886765152516,0.09723710562304543,0.18684280871501888,5.246251995317268,4.683695228549083,5.8335032633705834,6.448644376657577,5.823357835485116,7.11393276320926
all_305,misleading_ungroundable,insertion,7,305,6.220411453121613e-51,2.177144008592565e-49,5.3695155927759215,4.845491880726177,5.918533994322487,0.14554035452019362,0.10585747580742803,0.18755902987084214,5.2239752382557265,4.702586442511426,5.767978812753086,6.388465871832859,5.811287434758988,6.99687648826606
heldout_265,misleading_ungroundable,insertion,7,265,6.220411453121613e-51,2.177144008592565e-49,5.407805871993164,4.8372244984982204,5.993762831768186,0.13531753682796532,0.09399160616407652,0.18013407100673845,5.2724883351652005,4.703234644853791,5.856972805911465,6.438930429024581,5.8021695845506835,7.094859464355685
all_305,misleading_ungroundable,insertion,8,305,5.318992150487354e-51,1.9148371741754474e-49,5.366250656830695,4.833012074968469,5.913390070295377,0.14264859636888494,0.10356386851279263,0.18613757988777738,5.223602060461807,4.689111071801574,5.7640605915751815,6.386515855844545,5.780897352641739,7.009110078960689
heldout_265,misleading_ungroundable,insertion,8,265,5.318992150487354e-51,1.9148371741754474e-49,5.403488725153387,4.832599863397662,5.991157815904421,0.13321170569919352,0.09243808704883331,0.17864200532745922,5.270277019454193,4.699167005438897,5.856501942580382,6.436874880880181,5.799414657350331,7.1002478393339965
all_305,misleading_ungroundable,insertion,9,305,8.930319498723614e-51,2.9775784231353887e-49,5.344233358389743,4.8153051735871255,5.893132248293022,0.14489669099242608,0.10636670779799688,0.18692540336591157,5.199336667397319,4.67521750133441,5.749219497546554,6.340420709580586,5.761013875034947,6.947078782996184
heldout_265,misleading_ungroundable,insertion,9,265,8.930319498723614e-51,2.9775784231353887e-49,5.3792397660795475,4.802384742775092,5.979168521272694,0.13539149544189003,0.09420986984195583,0.1798292125266586,5.243848270637661,4.667427046894551,5.840894951313645,6.395160024444536,5.757681702206839,7.056705673079943
all_305,misleading_ungroundable,insertion,10,305,1.4403428466281107e-50,3.3184851525712377e-49,5.293900715240095,4.7743120760828015,5.841760110688751,0.145119493002502,0.10585585741419917,0.18750330293067707,5.148781222237596,4.630459861949464,5.699875168459637,6.316529589806813,5.731542276569118,6.9336932596318315
heldout_265,misleading_ungroundable,insertion,10,265,1.4403428466281107e-50,3.3184851525712377e-49,5.321239503337078,4.759308740609116,5.918110916050941,0.1377486570567451,0.0952881773791724,0.18314143178000794,5.1834908462803355,4.617410320829906,5.776034653199985,6.370666876252223,5.745084639181689,7.0190591818794035
all_305,misleading_ungroundable,insertion,11,305,1.4403428466281107e-50,3.3184851525712377e-49,5.27049904188521,4.728694694165681,5.825828960318783,0.1495284061349876,0.10927477409286002,0.19256116333072612,5.120970635750222,4.582576165625869,5.673667332920704,6.292026968777967,5.686475210994613,6.901234684519924
heldout_265,misleading_ungroundable,insertion,11,265,1.4403428466281107e-50,3.3184851525712377e-49,5.296680855718095,4.731556716028075,5.897465237515718,0.14282604032574628,0.10009657347272358,0.1890739950599563,5.153854815392349,4.585912482629428,5.752162070736937,6.340329201131248,5.729233400312681,7.000569654538179
all_305,misleading_ungroundable,insertion,12,305,1.9862373561485197e-50,3.783795251393672e-49,5.195686260463267,4.668359976621078,5.741040706380737,0.14400810395535676,0.10417529946740192,0.1864519259868974,5.05167815650791,4.525571384284542,5.598334049556883,6.244242968379271,5.6647151117248065,6.850728181717765
heldout_265,misleading_ungroundable,insertion,12,265,1.9862373561485197e-50,3.783795251393672e-49,5.229178573446496,4.668055924276245,5.827968198356184,0.13838104920509356,0.09598441721305999,0.1845023493920971,5.090797524241399,4.5303914694899765,5.689158649447968,6.298979967376008,5.682650426478311,6.952255343933676
all_305,misleading_ungroundable,insertion,13,305,1.8918976256968362e-50,3.783795251393672e-49,5.163024433896551,4.641968499633313,5.703622287370836,0.1407349910337973,0.10177624482454128,0.18243601658013034,5.022289442862752,4.504373367660682,5.559751824327965,6.221396563154757,5.639423770140162,6.813814212255537
heldout_265,misleading_ungroundable,insertion,13,265,1.8918976256968362e-50,3.783795251393672e-49,5.205026162148647,4.642808053227161,5.801820120214968,0.13518463099673947,0.09370133167001567,0.18230024796702715,5.069841531151907,4.509632585367814,5.669892169232662,6.28586258079044,5.675086715363098,6.939963844027306
all_305,misleading_ungroundable,insertion,14,305,1.8918976256968362e-50,3.783795251393672e-49,4.9881092777543685,4.463183527188637,5.513642969561492,0.1416072993009301,0.10176135095002092,0.18567067897679573,4.84650197845344,4.3258336335387755,5.372486928533324,6.112313981705135,5.5365972177924725,6.7039752184790435
heldout_265,misleading_ungroundable,insertion,14,265,1.8918976256968362e-50,3.783795251393672e-49,5.040287504377243,4.479776114494821,5.612561374371975,0.13769650121821833,0.0940123869100285,0.18591516205100886,4.9025910031590225,4.342191857662514,5.474049236374838,6.183931214314306,5.574214095014685,6.807041984008788
all_305,misleading_ungroundable,insertion,15,305,1.4403428466281107e-50,3.3184851525712377e-49,4.974203126421541,4.44671626899463,5.514449138123829,0.13292311874736054,0.0957586705273324,0.17339576640054524,4.841280007674179,4.316995302909704,5.384510018952712,6.059711407842682,5.487246213713823,6.635955417530339
heldout_265,misleading_ungroundable,insertion,15,265,1.4403428466281107e-50,3.3184851525712377e-49,5.028780018215725,4.478758488975534,5.612977071014626,0.12772023995435117,0.08821422659786705,0.17145446446643806,4.901059778261375,4.352790653114342,5.48560759417467,6.134504401227793,5.5509188700554475,6.764135275705696
all_305,misleading_ungroundable,insertion,16,305,1.2323286184669776e-50,3.3184851525712377e-49,4.851852539931777,4.341995880034568,5.366673130977663,0.14160374310356513,0.09908190667752372,0.1912153466841075,4.710248796828212,4.194235690535585,5.230300805352218,5.955185818476719,5.400088770384724,6.518640116963235
heldout_265,misleading_ungroundable,insertion,16,265,1.2323286184669776e-50,3.3184851525712377e-49,4.91713615870028,4.357191974182031,5.494981437633426,0.13657993014734102,0.08991732818374067,0.1906834152680813,4.78055622855294,4.2214847305522465,5.357234669807605,6.025622165440648,5.433696396894938,6.652296389983318
all_305,misleading_ungroundable,insertion,17,305,1.3065747123232663e-50,3.3184851525712377e-49,4.7310381154287064,4.217973143695447,5.248402792666098,0.1301794743191359,0.0941298963937376,0.16990737132417325,4.600858641109572,4.093433951613356,5.116500368754173,5.806982175184679,5.27008027873337,6.345528071063208
heldout_265,misleading_ungroundable,insertion,17,265,1.3065747123232663e-50,3.3184851525712377e-49,4.796056490533156,4.251878650776287,5.356986757985613,0.1229234692501706,0.08440076962091202,0.16513694571831258,4.673133021282985,4.127277566855875,5.233039079594014,5.870619254361684,5.287748468795238,6.472842560014437
all_305,misleading_ungroundable,insertion,18,305,8.843531666409885e-51,2.9775784231353887e-49,4.675700891498385,4.167888075462034,5.198316465116666,0.128420405053434,0.09289807579922202,0.16616503922343925,4.547280486444949,4.038835739350385,5.062233337077973,5.7773247883989445,5.240046282818043,6.326187436885023
heldout_265,misleading_ungroundable,insertion,18,265,8.843531666409885e-51,2.9775784231353887e-49,4.752887354854575,4.2105837814656235,5.322443439833952,0.12159067286598782,0.08488893036605412,0.1614941807878705,4.631296681988584,4.0878917332004,5.201025612949038,5.8733695944938145,5.307894032640514,6.463953083161296
all_305,misleading_ungroundable,insertion,19,305,1.185173268775442e-50,3.3184851525712377e-49,4.165760306684718,3.7175647984247293,4.630169585402652,0.12405323331569598,0.09098447207462043,0.1586002871020245,4.041707073369023,3.5943290459790598,4.502595594939574,5.312271715770645,4.834703742772957,5.795604343082013
heldout_265,misleading_ungroundable,insertion,19,265,1.185173268775442e-50,3.3184851525712377e-49,4.226223408494016,3.7340290181271665,4.737448206498521,0.11764815585157239,0.08270774776790517,0.15625667516002437,4.108575252642442,3.617836586633515,4.620783792770537,5.407363958823177,4.891346355982579,5.944634515520647
all_305,misleading_ungroundable,insertion,20,305,1.3065747123232663e-50,3.3184851525712377e-49,4.06815795615139,3.618323090552492,4.53646588027862,0.10872457789493219,0.07944351582594854,0.1411470298124266,3.959433378256456,3.5131798726976897,4.427621120606461,5.241993043299619,4.7734803865517295,5.731846359888978
heldout_265,misleading_ungroundable,insertion,20,265,1.3065747123232663e-50,3.3184851525712377e-49,4.1199758861506925,3.6309240340509565,4.623514130241534,0.10545344251130288,0.07428731475004945,0.14104071500033394,4.01452244363939,3.522384624234391,4.521500459810834,5.333450194480598,4.80329945231838,5.8707059353980995
all_305,misleading_ungroundable,insertion,21,305,2.02527162049801e-50,3.783795251393672e-49,3.778119449862802,3.3748958070663826,4.210691354379395,0.10214898535305192,0.07504311902728635,0.13117204080889125,3.6759704645097475,3.274190624596578,4.107287354871637,5.100542836437821,4.6537551555935535,5.562276792985626
heldout_265,misleading_ungroundable,insertion,21,265,2.02527162049801e-50,3.783795251393672e-49,3.825259068337558,3.3837079992372607,4.292950486928311,0.0986818144423778,0.0698739784334834,0.13058585669629877,3.7265772538951767,3.2872823707627385,4.192528259594038,5.182628317372576,4.690597552405098,5.687758315166892
all_305,misleading_ungroundable,insertion,22,305,2.6333937835104376e-50,3.783795251393672e-49,3.343096794424972,2.973792824255586,3.730683273729987,0.09789899617394193,0.07298400960050463,0.12528811018807215,3.2451977982510316,2.8778709579229926,3.633534419691172,4.663010420984444,4.262608735454938,5.087377622788912
heldout_265,misleading_ungroundable,insertion,22,265,2.6333937835104376e-50,3.783795251393672e-49,3.3825788423675487,2.9970925260020413,3.7996626596632073,0.0937769707626942,0.06766397995889932,0.1219965596386089,3.2888018716048544,2.9052466363522016,3.7091272073096673,4.734004075195968,4.299774967404194,5.2038706862399176
all_305,misleading_ungroundable,insertion,23,305,4.116118805452008e-50,3.783795251393672e-49,3.1993971370942993,2.8552995472080607,3.5739287730198286,0.09634168239245462,0.07178592179826584,0.12315845300099644,3.1030554547018463,2.761553713183869,3.4798872849284987,4.489321974181618,4.103694759877515,4.907525696913722
heldout_265,misleading_ungroundable,insertion,23,265,4.116118805452008e-50,3.783795251393672e-49,3.2336040878568726,2.8579526179360975,3.62483681469651,0.09187379565582848,0.0663440576988928,0.12000185676602837,3.141730292201045,2.764009818845165,3.531307338710745,4.561213385688043,4.132619996946395,5.005650227638537
all_305,misleading_ungroundable,insertion,24,305,2.764511382544356e-50,3.783795251393672e-49,3.203008094803198,2.8511595798820797,3.5636848964971697,0.09847497452673143,0.07424122617802582,0.12512418914938644,3.104533120276464,2.7541127840796626,3.466407584843427,4.413147111833237,4.022119661089068,4.814673818212663
heldout_265,misleading_ungroundable,insertion,24,265,2.764511382544356e-50,3.783795251393672e-49,3.237099998358172,2.856543981560895,3.643878551132321,0.0935157128023012,0.06761370493008025,0.12213699734688518,3.1435842855558693,2.7644501913072546,3.550667184874621,4.485033751421368,4.065978805377026,4.930570134388668
all_305,misleading_ungroundable,insertion,25,305,1.9104017128319576e-50,3.783795251393672e-49,2.780011413199021,2.482545152521636,3.084461097559643,0.08734577840803846,0.06614168566605717,0.1102836486642417,2.692665634790982,2.395733429627489,3.0022429595387137,4.044524830743495,3.6948329178617088,4.3980420003780445
heldout_265,misleading_ungroundable,insertion,25,265,1.9104017128319576e-50,3.783795251393672e-49,2.8150848612354586,2.4815097995837507,3.1479026161266623,0.08140942077036517,0.05943776680744125,0.10493855804644855,2.733675440465094,2.4013590844362636,3.0678203509440034,4.120129866145935,3.733860104811429,4.510200863793191
all_305,misleading_ungroundable,insertion,26,305,2.232199546667822e-50,3.783795251393672e-49,2.92986318012508,2.6110003929163588,3.254145104430142,0.09118477089595761,0.06917466923884942,0.1149082842152501,2.838678409229123,2.519674956845971,3.1665423168945632,4.156263294559422,3.798599883307701,4.532396359684199
heldout_265,misleading_ungroundable,insertion,26,265,2.232199546667822e-50,3.783795251393672e-49,2.960816642572357,2.6226565342424046,3.312708774405279,0.08476767630629273,0.06212834058125867,0.10935097549996889,2.876048966266065,2.540004077650643,3.227396456491494,4.224885872158776,3.839218429758475,4.627692625940723
all_305,misleading_ungroundable,insertion,27,305,2.902126970850712e-50,3.783795251393672e-49,2.7300439522711937,2.4270912142566465,3.0422312291154867,0.08801835521689101,0.06701230383404436,0.11045791613815287,2.6420255970543,2.338716138499493,2.9521513582961862,3.9262168852437633,3.5832375338619062,4.282974444884676
heldout_265,misleading_ungroundable,insertion,27,265,2.902126970850712e-50,3.783795251393672e-49,2.7596404951512965,2.4449956424201402,3.1031286874153006,0.08131275173110886,0.05973570731584944,0.10570403739570274,2.678327743420188,2.363506026395488,3.019435743109115,3.9933667939701056,3.6294147544522177,4.381749720154572
all_305,misleading_ungroundable,insertion,28,305,2.582697258743895e-50,3.783795251393672e-49,2.2644622894425366,2.0096528612359776,2.5312590718421264,0.08140464452692081,0.06164971057161773,0.10223066748554616,2.1830576449156154,1.9293503057808226,2.4489891619462894,3.290834569731069,2.9867038366850207,3.6117704545759364
heldout_265,misleading_ungroundable,insertion,28,265,2.582697258743895e-50,3.783795251393672e-49,2.2889933824826754,2.00892125738478,2.581370881340353,0.07393099474859313,0.053572949816574005,0.09583085074518291,2.215062387734084,1.9337390421267986,2.508701924052327,3.3325257790561604,2.9941700559473894,3.680795271399599
all_305,misleading_ungroundable,insertion,29,305,9.55642241401267e-50,6.689495689808868e-49,2.186419508001659,1.9304829649936512,2.4670503704702504,0.07293763975803486,0.05400917254512284,0.09349070618677188,2.113481868243624,1.8576465897722774,2.3923480774604555,3.1224221906797123,2.8162116282523266,3.442708624295674
heldout_265,misleading_ungroundable,insertion,29,265,9.55642241401267e-50,6.689495689808868e-49,2.207972737760047,1.9268074168723288,2.5056321208721353,0.06624403881621864,0.047085861301015226,0.08730358645063001,2.141728698943828,1.8618433801519472,2.438135219335299,3.1661088537665134,2.841523243021474,3.514352676178222
all_305,misleading_ungroundable,insertion,30,305,1.1846850769112291e-48,5.923425384556146e-48,1.6754295154942858,1.4639084444367727,1.9022594361187493,0.057690050338878335,0.04275811231596239,0.07348834329755592,1.6177394651554076,1.4060927945074255,1.8439809566836134,2.4306074973797296,2.1710123029477395,2.7008911004413827
heldout_265,misleading_ungroundable,insertion,30,265,1.1846850769112291e-48,5.923425384556146e-48,1.706546529359516,1.4814659107880364,1.9525684644388666,0.05097221628963379,0.0364811308975936,0.06745045226846799,1.6555743130698821,1.429347180232267,1.9014294160431182,2.470329876465618,2.1976043162808185,2.7630009705273495
all_305,misleading_ungroundable,insertion,31,305,9.78553712573054e-49,5.871322275438324e-48,1.6017843635769082,1.3984318021192534,1.821241744419881,0.05402135185655454,0.03960976059812055,0.06954079416583171,1.547763011720353,1.3463986358602191,1.7694877219627843,2.3361736214738276,2.084286507680385,2.602625354413116
heldout_265,misleading_ungroundable,insertion,31,265,9.78553712573054e-49,5.871322275438324e-48,1.6274456748926656,1.4010111330851094,1.863988410879709,0.04728183446451568,0.03357466541843582,0.06181827706277006,1.58016384042815,1.353566890813493,1.8182607356637777,2.369066576920606,2.09904527818435,2.6503415488629387
all_305,misleading_ungroundable,insertion,32,305,1.4136112722310817e-48,5.923425384556146e-48,1.3812287476945606,1.1915432946371562,1.5763848358733787,0.046127368051561674,0.03325610337525061,0.06042509629013185,1.335101379642999,1.146227677477278,1.530770885025577,1.9729201129587324,1.7443584633329885,2.2070410631498216
heldout_265,misleading_ungroundable,insertion,32,265,1.4136112722310817e-48,5.923425384556146e-48,1.4110119473030662,1.2084674520016423,1.6225832709498893,0.04056235298968343,0.028160571586026428,0.05463554240287796,1.3704495943133828,1.1677174620389705,1.5832957336420501,2.0029791124308423,1.757661922667179,2.2588287862321335
all_305,misleading_ungroundable,insertion,33,305,7.18768597264674e-48,2.156305791794022e-47,1.1110595365293807,0.9438226665386756,1.2973623677334127,0.03569863105816702,0.025338798385449984,0.046880314597605485,1.0753609054712143,0.9083910393987958,1.2619106225587373,1.6051284929762442,1.399376287948841,1.8292293554956283
heldout_265,misleading_ungroundable,insertion,33,265,7.18768597264674e-48,2.156305791794022e-47,1.1379906675394351,0.9503341108170671,1.3409721684341787,0.03044956203657951,0.02027854915401054,0.041355504618843776,1.107541105502855,0.9212378945467041,1.3098436529567894,1.6286561025616837,1.3970321901025715,1.8717121515642325
all_305,misleading_ungroundable,insertion,34,305,1.5431388648040117e-45,3.0862777296080234e-45,0.3863579031618207,0.32113868632332015,0.46089286388833844,0.015723450584049076,0.011207585026235417,0.020644288392935563,0.37063445257777144,0.3061665816140672,0.44514927266868787,0.6167630283878234,0.5296109343613736,0.7137017795252242
heldout_265,misleading_ungroundable,insertion,34,265,1.5431388648040117e-45,3.0862777296080234e-45,0.3893426591927671,0.31786150486961473,0.4699342970827696,0.013419921380316668,0.008857102830945878,0.018312291530341047,0.3759227378124504,0.30418448801409126,0.45767443307907624,0.6093905328255302,0.5196406892167945,0.7078392246549823
all_305,misleading_ungroundable,insertion,35,305,4.670647702503069e-08,4.670647702503069e-08,0.014224393626097015,0.010153178968934482,0.018545474881371447,0.002879063639527692,0.001637344984834996,0.00417750822086648,0.011345329986569324,0.007160385390119446,0.015725386007866396,0.049650911291784804,0.040286462186073436,0.059982533359135067
heldout_265,misleading_ungroundable,insertion,35,265,4.670647702503069e-08,4.670647702503069e-08,0.014313084914751443,0.009859135236469743,0.019191753604459308,0.0026632495097244128,0.0013129940330274556,0.004012614102770652,0.01164983540502703,0.007114442475885525,0.016401403015837843,0.04782765115098767,0.03754207430409094,0.0591538204316053
all_305,irrelevant_word,restoration,0,305,1.008279651211455e-46,5.0413982560572755e-46,2.8715766861095,2.4743440448104064,3.295178316357463,0.007208329206475054,-0.011228931269887867,0.02638107876862473,2.864368356903026,2.4669391536563516,3.288105134744956,4.93478615916381,4.41710029870471,5.493875089596025
heldout_265,irrelevant_word,restoration,0,265,1.008279651211455e-46,5.0413982560572755e-46,2.7413458323009907,2.3366509728586697,3.1673638725392284,0.008365293407793144,-0.009161860622020183,0.02706125242285248,2.7329805388931985,2.3258276938025486,3.163339312710029,4.7387853148998,4.214444464413744,5.287005149373032
all_305,irrelevant_word,restoration,1,305,1.1601503468993549e-46,5.0413982560572755e-46,2.8630919663921732,2.460089268640295,3.291566089883346,0.0047595686817240145,-0.013845529095959472,0.024325399578884428,2.8583323977104484,2.455390742115562,3.2888739701104983,4.906717164514194,4.370244110058367,5.474927827514845
heldout_265,irrelevant_word,restoration,1,265,1.1601503468993549e-46,5.0413982560572755e-46,2.7324495907379043,2.3226081762281208,3.1558848566055446,0.005625094654899572,-0.012038699903629735,0.024143003293601487,2.726824496083006,2.3178511553926877,3.1522853580510732,4.705778445792236,4.179691632106306,5.252667648775036
all_305,irrelevant_word,restoration,2,305,1.1601503468993549e-46,5.0413982560572755e-46,2.869750127420501,2.4654170324640696,3.2975375205070954,0.00536319144576358,-0.01295130986583344,0.02403106937837409,2.864386935974736,2.4618490061595604,3.293140361946892,4.89654706529387,4.369227495168189,5.4491831200610825
heldout_265,irrelevant_word,restoration,2,265,1.1601503468993549e-46,5.0413982560572755e-46,2.7412532164037713,2.3378962226562447,3.177248960776714,0.005770123220058603,-0.011394122471387704,0.023759692885484095,2.7354830931837117,2.3312145129897233,3.1737365560190507,4.6957522111338035,4.182431958498694,5.2400371637258605
all_305,irrelevant_word,restoration,3,305,2.2094293999586364e-46,5.0413982560572755e-46,2.885609034863829,2.485214918128848,3.3161765559053187,0.0051396536582975876,-0.013157549446434472,0.02414177965333513,2.880469381205532,2.4825645237128575,3.312042699318804,4.892073850878073,4.35847088368795,5.451284427002758
heldout_265,irrelevant_word,restoration,3,265,2.2094293999586364e-46,5.0413982560572755e-46,2.7584496414434336,2.3445230834439297,3.1919725667305023,0.004777431882797555,-0.013094748449109473,0.02320288881175569,2.7536722095606354,2.3395290656474783,3.1889944313471585,4.690420321777445,4.172901939154606,5.242017550741652
all_305,irrelevant_word,restoration,4,305,3.6271857747713254e-47,2.1763114648627954e-46,2.9419152666244957,2.535510608399064,3.3847912772718294,0.0066764480090126315,-0.012653256313666806,0.02672602663790461,2.935238818615485,2.5309397051114506,3.3755757853489246,4.8896132233989595,4.3735013913867045,5.458919160772624
heldout_265,irrelevant_word,restoration,4,265,3.6271857747713254e-47,2.1763114648627954e-46,2.80904521946334,2.397597168647221,3.25732834839672,0.006397003970286197,-0.012395268358080217,0.026773762847917448,2.802648215493055,2.3905007466881636,3.2497887698515826,4.688982248130435,4.162669663091715,5.2462100065902435
all_305,irrelevant_word,restoration,5,305,2.2232279738762273e-47,1.556259581713359e-46,2.930430415220868,2.519788572384501,3.36500724206904,0.007019823934912983,-0.011647076111758319,0.027495975634404934,2.9234105912859567,2.519130567865471,3.358999849908438,4.885454991727201,4.364186262489021,5.447037271807498
heldout_265,irrelevant_word,restoration,5,265,2.2232279738762273e-47,1.556259581713359e-46,2.798897172929882,2.384113811281292,3.2318829809342655,0.006795933008424378,-0.01207624435949817,0.02756177965676448,2.7921012399214598,2.3783812729633067,3.2251099378413084,4.6846280946803045,4.16123875672324,5.218984185513396
all_305,irrelevant_word,restoration,6,305,5.43411491125219e-48,4.890703420126972e-47,2.951332555977821,2.5513230829925546,3.389555366283715,0.00579359755278478,-0.013206293104328054,0.026070536876452534,2.9455389584250375,2.547192828724931,3.3836345025341905,4.885785314309468,4.366653319946559,5.455471417731466
heldout_265,irrelevant_word,restoration,6,265,5.43411491125219e-48,4.890703420126972e-47,2.8172397160162066,2.4099753239227346,3.2446476958352894,0.005349743669210271,-0.013061079796005582,0.025577559931238593,2.811889972346997,2.4048083475990447,3.2397342881387217,4.685111500593896,4.162090615162715,5.228017024823923
all_305,irrelevant_word,restoration,7,305,1.5330704194311396e-48,1.5330704194311395e-47,2.977384067657448,2.578944460889301,3.403426555315193,0.004633630408502607,-0.013505091861707246,0.024219422205970717,2.9727504372489446,2.57710790568582,3.398340036422514,4.889695272488477,4.35884357592352,5.450566183042259
heldout_265,irrelevant_word,restoration,7,265,1.5330704194311396e-48,1.5330704194311395e-47,2.839311089552189,2.4372937170807556,3.2586713313355484,0.004525108488146407,-0.012644946321436935,0.023709197917765133,2.834785981064043,2.431055854766166,3.256406859158547,4.685076000746068,4.167676433367419,5.2236599612676295
all_305,irrelevant_word,restoration,8,305,8.724464588236497e-49,9.596911047060146e-48,2.98156525319307,2.5897471347482455,3.404220091065032,0.005972731738270146,-0.011127025495948791,0.02394784864837816,2.9755925214547982,2.585512557094972,3.395934245932817,4.8938181780543575,4.3790649054537365,5.4586378391782
heldout_265,irrelevant_word,restoration,8,265,8.724464588236497e-49,9.596911047060146e-48,2.840941219015501,2.437866555822203,3.258491363502033,0.005229407399083177,-0.010989994725047142,0.022930752614177867,2.8357118116164166,2.4330802731352668,3.2494407059508914,4.68839336158684,4.168860708739184,5.219406209726205
all_305,irrelevant_word,restoration,9,305,5.40462497802574e-49,7.026012471433462e-48,2.9613665650466565,2.5756652291000486,3.387744640540336,0.006845042802992644,-0.010677993698837273,0.025302343050227168,2.9545215222436663,2.5686593678705165,3.3785621175630935,4.90169250115275,4.381419584085774,5.475889589719369
heldout_265,irrelevant_word,restoration,9,265,5.40462497802574e-49,7.026012471433462e-48,2.8098241981457153,2.413386908659394,3.230991223804318,0.0066321735357501915,-0.009795256811057486,0.024456395788328887,2.8031920246099657,2.4063459698852387,3.224623135281038,4.695331339415064,4.163271864021935,5.23142959776809
all_305,irrelevant_word,restoration,10,305,5.779751942743047e-49,7.026012471433462e-48,2.9005261393763253,2.5104027147691808,3.3083765208722338,0.007755542747250535,-0.009653045756322419,0.02631371749247624,2.8927705966290747,2.5037664376006683,3.299941062952493,4.880257255499939,4.3572595106112955,5.437751712124945
heldout_265,irrelevant_word,restoration,10,265,5.779751942743047e-49,7.026012471433462e-48,2.745846744697595,2.3565715703010612,3.162106336472131,0.007643098613592562,-0.008915832156119482,0.02506268784208403,2.738203646084002,2.3480704086487556,3.156484566280582,4.676965900050852,4.15943254264449,5.232963382067745
all_305,irrelevant_word,restoration,11,305,3.3445480836811143e-49,4.68236731715356e-48,2.8809006531134655,2.4863727366683803,3.288779199540883,0.006201557141547253,-0.011962721844251822,0.025129455660259703,2.874699095971918,2.4810773610234373,3.284029173856427,4.870865297073377,4.34661858489945,5.422255643339613
heldout_265,irrelevant_word,restoration,11,265,3.3445480836811143e-49,4.68236731715356e-48,2.7238494933890944,2.341899389579257,3.1381055612354034,0.006679064506555609,-0.009669720992939024,0.025288428798047064,2.7171704288825396,2.3332854334424318,3.1330710771242267,4.667371011129579,4.147768424314246,5.211099051100703
all_305,irrelevant_word,restoration,12,305,1.9327446924913113e-49,2.8991170387369666e-48,2.8697422241508637,2.4783584674222228,3.28086862772103,0.006067632745174005,-0.012187192909614565,0.024538840698994435,2.8636745914056907,2.4716432548800196,3.2751602802759354,4.857418241207729,4.324765867928771,5.410983484860947
heldout_265,irrelevant_word,restoration,12,265,1.9327446924913113e-49,2.8991170387369666e-48,2.716239405656035,2.3322213223614945,3.131661635756114,0.0056112437762992785,-0.01085555427367614,0.02299154215891993,2.7106281618797365,2.324891070904109,3.1285564826701835,4.653071795571175,4.145169746844104,5.186718577485906
all_305,irrelevant_word,restoration,13,305,4.535287199201423e-50,7.256459518722277e-49,2.8972761932510567,2.504984109698329,3.308507152746668,0.0077142098482567,-0.010022321561114694,0.02590042173883444,2.889561983402803,2.499692148290987,3.2998448651773042,4.843324664894152,4.315108416632085,5.4023673116147775
heldout_265,irrelevant_word,restoration,13,265,4.535287199201423e-50,7.256459518722277e-49,2.745117701801807,2.3731174071475047,3.1569367519540754,0.007121345321062528,-0.008851221571682973,0.023748626013259996,2.737996356480745,2.3628655174068585,3.151389456932439,4.638552741522804,4.128481293203653,5.181846362679534
all_305,irrelevant_word,restoration,14,305,1.6348194431843704e-50,2.9426749977318667e-49,2.899532601087411,2.505600827258527,3.302946976769583,0.007998101177106507,-0.009390775244947079,0.025704387797207108,2.891534499910305,2.501807084070503,3.2942571426981804,4.804392947296072,4.259876848960122,5.356685593006545
heldout_265,irrelevant_word,restoration,14,265,1.6348194431843704e-50,2.9426749977318667e-49,2.7518797412961953,2.3737441628596003,3.163192538669862,0.006198747828696809,-0.008730924568750116,0.02213290959534772,2.7456809934674995,2.3628594339491404,3.1566968834511213,4.602020321786167,4.085084923459539,5.1483147351879035
all_305,irrelevant_word,restoration,15,305,1.46868961001323e-50,2.790510259025137e-49,2.9195833037108874,2.5352842457935214,3.327890728413081,0.007806373320713995,-0.009305426706417725,0.025477847036670612,2.9117769303901735,2.527547657453922,3.319226920791064,4.800189164535004,4.274072780535046,5.3522635922492405
heldout_265,irrelevant_word,restoration,15,265,1.46868961001323e-50,2.790510259025137e-49,2.769795666165049,2.3851985539874128,3.1710950711930264,0.007117280038948985,-0.007511771010020025,0.02306485466358639,2.7626783861261006,2.3796219750264367,3.16696695202149,4.598625338639708,4.081005265436226,5.131074272956132
all_305,irrelevant_word,restoration,16,305,8.843531666409885e-51,1.857141649946076e-49,2.906082450830282,2.5247934912225567,3.3124181938330826,0.00820918347905096,-0.008328103498222918,0.0251479094705292,2.897873267351233,2.5175816672386957,3.3021862076644393,4.785013433434157,4.257792872897761,5.345836340528487
heldout_265,irrelevant_word,restoration,16,265,8.843531666409885e-51,1.857141649946076e-49,2.7577662183717546,2.384357013414124,3.1670595783442548,0.008123858327604176,-0.006017010121841274,0.022982842741874662,2.749642360044154,2.3776966358144156,3.1602003864230124,4.574241833406434,4.061760668798371,5.116041257954454
all_305,irrelevant_word,restoration,17,305,7.713100034407073e-51,1.8543508807383905e-49,2.8882242243687277,2.5137514680361335,3.2830209740250114,0.0043372236552351034,-0.013313138724817498,0.02165466011997167,2.8838870007134956,2.5124298154620006,3.276227114535774,4.821978107841687,4.301497078020812,5.362473737302392
heldout_265,irrelevant_word,restoration,17,265,7.713100034407073e-51,1.8543508807383905e-49,2.739972586760442,2.369652444135764,3.1368952654101023,0.0065811489943001416,-0.007454237002831795,0.021565797153889326,2.733391437766144,2.362768013284046,3.12911273341105,4.609086748416619,4.089982234153011,5.140291419551514
all_305,irrelevant_word,restoration,18,305,7.865320077982301e-51,1.8543508807383905e-49,2.8595297867720824,2.4894227929716517,3.239393932071255,0.003776159402670526,-0.014500112870740265,0.020691720669144587,2.85575362736941,2.484683551221404,3.23457263769008,4.818859501249801,4.293006029770499,5.365452726144829
heldout_265,irrelevant_word,restoration,18,265,7.865320077982301e-51,1.8543508807383905e-49,2.723837544070366,2.346550606051962,3.1211459047758408,0.005819476821456467,-0.007967277547210782,0.020323510096117152,2.7180180672489094,2.339998222178643,3.116139363663097,4.6034884997448655,4.093556824144877,5.138442574682793
all_305,irrelevant_word,restoration,19,305,3.25882508974881e-51,1.0754122796171073e-49,2.8219199880734704,2.4709781083848914,3.195673396883333,0.007283103903670355,-0.01039202979342499,0.023958125401803282,2.814636884169801,2.465597563834459,3.1865107181425825,4.860524365280213,4.350953862493998,5.4102395629158675
heldout_265,irrelevant_word,restoration,19,265,3.25882508974881e-51,1.0754122796171073e-49,2.706503562904802,2.3434609486976057,3.09051117692273,0.009474085995505088,-0.004025545330341532,0.023312154105708142,2.6970294769092984,2.333646833145011,3.083554881086894,4.641502820093002,4.135695966522718,5.168616944077862
all_305,irrelevant_word,restoration,20,305,7.638093537143059e-51,1.8543508807383905e-49,2.8940200290473013,2.5348705597540233,3.271117109173285,0.011572739418032007,-0.00595615988616431,0.028391014976570334,2.88244728962927,2.5242659302261887,3.259763557022456,4.841095582502481,4.322674826775787,5.378212438416462
heldout_265,irrelevant_word,restoration,20,265,7.638093537143059e-51,1.8543508807383905e-49,2.775019497405046,2.405749321302179,3.1659604248127646,0.012523081084677458,-0.0018873296831847014,0.026864037924581665,2.76249641632037,2.3933084264703277,3.1549316727596057,4.615343464032629,4.115530006399706,5.1349779491359815
all_305,irrelevant_word,restoration,21,305,4.592473229642137e-51,1.2858925042997984e-49,2.8258059140577023,2.483528634744589,3.1869331368701603,0.019451657593356264,0.005743838032194636,0.033141359752743564,2.8063542564643464,2.462788091773716,3.1651506895297734,4.833317321375438,4.315107113921116,5.3762356076739355
heldout_265,irrelevant_word,restoration,21,265,4.592473229642137e-51,1.2858925042997984e-49,2.7225347528843544,2.371714260743379,3.103406132913255,0.020631774231464794,0.008256261762896377,0.033197226584493505,2.7019029786528903,2.3512217405375453,3.0821730700094165,4.607087941916654,4.112487814162645,5.126686436297893
all_305,irrelevant_word,restoration,22,305,3.042546200015447e-51,1.0648911700054064e-49,2.818951498822198,2.4762395265649717,3.1710121149844785,0.027005309559703126,0.013637095487503434,0.04124419670810601,2.7919461892624953,2.450767631069454,3.1437426105057793,4.852223852817271,4.344058746618051,5.396428760491839
heldout_265,irrelevant_word,restoration,22,265,3.042546200015447e-51,1.0648911700054064e-49,2.7306806947464333,2.3699960473029282,3.105422316724554,0.024756176451447974,0.01262994376758334,0.0371264023879113,2.705924518294987,2.344220750140922,3.081325724880245,4.627739366751505,4.128222422147439,5.138036832556495
all_305,irrelevant_word,restoration,23,305,3.1334295301281925e-51,1.0653660402435854e-49,2.7777349649613043,2.441390726911102,3.126342093292174,0.028400922779494128,0.015895089711763528,0.04140130712151215,2.7493340421818107,2.4148150369579535,3.095372787860167,4.785431925662223,4.27161782133097,5.319505238272433
heldout_265,irrelevant_word,restoration,23,265,3.1334295301281925e-51,1.0653660402435854e-49,2.6890722113705654,2.3326288556399883,3.059703711876235,0.027313247214919244,0.015550759534403588,0.03933296930568694,2.6617589641556494,2.305586958135363,3.0323180607355655,4.5533651226347835,4.067954530369758,5.081249117635812
all_305,irrelevant_word,restoration,24,305,3.490406455618129e-51,1.08202600124162e-49,2.691868617117175,2.3757545441829877,3.032883865875553,0.02391925064752971,0.011418634379563076,0.036719735773649495,2.6679493664696485,2.3535780653220955,3.0066085211528,4.5052620450640175,4.021039838835512,5.0358794241770966
heldout_265,irrelevant_word,restoration,24,265,3.490406455618129e-51,1.08202600124162e-49,2.6030552531520876,2.2708824466748982,2.9664360632276425,0.022381362449246288,0.01025100499700398,0.034707112922062834,2.5806738907028426,2.247860241897839,2.9435981801260893,4.263090373815627,3.7983234515588933,4.76220049147848
all_305,irrelevant_word,restoration,25,305,3.323383956254125e-51,1.0754122796171073e-49,2.3951516462979634,2.11770782801479,2.694417757461173,0.030386225841074595,0.02040782832560607,0.0409205883734339,2.364765420456889,2.08752583439261,2.6651695133959734,4.296788461134189,3.8244415905051836,4.803727312919736
heldout_265,irrelevant_word,restoration,25,265,3.323383956254125e-51,1.0754122796171073e-49,2.351860714668246,2.0397684423680875,2.6815332137150834,0.028163162809324693,0.018063180195204944,0.039093367121825755,2.3236975518589214,2.011544866339418,2.654257838382204,4.059565768531733,3.600209091177995,4.542116217414054
all_305,irrelevant_word,restoration,26,305,3.887854943863579e-51,1.1663564831590737e-49,2.455605435194973,2.163728395760072,2.764521919625529,0.0284538379708561,0.017870007659056403,0.03948933887521609,2.427151597224117,2.1350813744235224,2.735992285695734,4.315860070255657,3.8350585657794936,4.830063395763126
heldout_265,irrelevant_word,restoration,26,265,3.887854943863579e-51,1.1663564831590737e-49,2.4063303145691366,2.0897400655580674,2.7491663688313697,0.02626079860330792,0.015746586214643365,0.03735462696708662,2.3800695159658276,2.063843736798093,2.7250889578009567,4.076468111427234,3.6087731943676102,4.565159771285428
all_305,irrelevant_word,restoration,27,305,4.163917090934358e-51,1.2075359563709637e-49,2.297820620413292,2.0228736663868414,2.602307747003832,0.025799290065819422,0.01648875918210658,0.03577488194080667,2.272021330347473,1.996566715484429,2.5764842147426683,4.224491555796859,3.749553024093421,4.736711859118211
heldout_265,irrelevant_word,restoration,27,265,4.163917090934358e-51,1.2075359563709637e-49,2.261824866405276,1.9502633664367641,2.588225984455915,0.02340149493243124,0.01390959899326141,0.033492409303718405,2.2384233714728454,1.9266975138571856,2.5665304634837205,3.9870443079693163,3.526378189773569,4.463368985634764
all_305,irrelevant_word,restoration,28,305,2.758139218849016e-51,9.929301187856458e-50,2.3879593118365614,2.103350766061402,2.696808270874248,0.024705352436151764,0.014126451642471697,0.035294071861653994,2.363253959400411,2.077388930280212,2.673147041592756,4.201580658497856,3.7266871181613355,4.705775158599942
heldout_265,irrelevant_word,restoration,28,265,2.758139218849016e-51,9.929301187856458e-50,2.3427486445413983,2.031441480902746,2.6752406674373574,0.020999075254408656,0.010147813193772693,0.03231690766902504,2.321749569286993,2.009778131027662,2.6557615998597655,3.967188833765944,3.5098654418525688,4.457478524874793
all_305,irrelevant_word,restoration,29,305,5.696139325412381e-51,1.480996224607219e-49,2.488608583273347,2.190077744673358,2.803831937521421,0.026053201082838283,0.014981263813945421,0.037403770112042045,2.462555382190508,2.163326814099245,2.7778749372727556,4.116124800271353,3.656918207074617,4.6170523096535065
heldout_265,irrelevant_word,restoration,29,265,5.696139325412381e-51,1.480996224607219e-49,2.417862645525472,2.105075418798613,2.763504548707302,0.025245745982761796,0.013590035401887173,0.037390013341281794,2.3926168995427104,2.079468446432916,2.7381856239445153,3.883633001950007,3.43076334442353,4.366194611705956
all_305,irrelevant_word,restoration,30,305,7.417403522953562e-51,1.8543508807383905e-49,2.136922482906805,1.8615769189632516,2.427848943971552,0.02085532454824317,0.011141287405879646,0.031051599538325494,2.116067158358562,1.840898573044148,2.408892502944129,3.417498689170375,2.9878565779997155,3.851108324203001
heldout_265,irrelevant_word,restoration,30,265,7.417403522953562e-51,1.8543508807383905e-49,2.076177658072943,1.7884189465336005,2.3815859708100287,0.020955063243469057,0.01103413661890232,0.03210624059789756,2.0552225948294733,1.7670649068532602,2.3614012212705773,3.1973723884622003,2.7938637398348027,3.6220173745657864
all_305,irrelevant_word,restoration,31,305,5.1147525670971246e-51,1.3809831931162236e-49,1.9702287327901369,1.713421082810052,2.245792397080779,0.01930608100523468,0.010563708812639516,0.02901280274206373,1.9509226517849036,1.6954517014479196,2.226989674371635,3.1095431667231064,2.725211874700723,3.5330344997603005
heldout_265,irrelevant_word,restoration,31,265,5.1147525670971246e-51,1.3809831931162236e-49,1.9000288841014636,1.63176704537645,2.200576815744888,0.0193856267656027,0.010083410566874585,0.02988036038965159,1.8806432573358611,1.6132337255202283,2.1809162600153273,2.8901356312164532,2.521121543987207,3.2953716501868473
all_305,irrelevant_word,restoration,32,305,9.655850612053914e-51,1.9311701224107828e-49,1.69702203863228,1.4652026801625324,1.9437392405616112,0.013681990934755415,0.0066452483090554265,0.02061455830366508,1.683340047697525,1.4519845267007607,1.9302571478839643,2.5411916130744827,2.2206016943161306,2.880231391595837
heldout_265,irrelevant_word,restoration,32,265,9.655850612053914e-51,1.9311701224107828e-49,1.61654015137245,1.3733670829442666,1.8724132673754799,0.015191717677418911,0.008570904912998771,0.022432759580517565,1.6013484336950317,1.357345640044182,1.8577126081989999,2.344936898565235,2.042880182966343,2.6574534315665583
all_305,irrelevant_word,restoration,33,305,2.5084686634662643e-50,4.2643967278926495e-49,1.2771195426005602,1.1028706570770777,1.4635952393022456,0.013523509437711911,0.0081106182793924,0.019067761664168875,1.2635960331628475,1.0890414944412543,1.449799634431725,1.8356027346636083,1.5961232054385073,2.0853585267528105
heldout_265,irrelevant_word,restoration,33,265,2.5084686634662643e-50,4.2643967278926495e-49,1.2264429140762667,1.0450559180794825,1.4230266085365157,0.014232789469770591,0.00857850965155033,0.02025708517270233,1.2122101246064954,1.0317519077561024,1.4084285865139716,1.7273176345552241,1.4934599427502964,1.970397970955896
all_305,irrelevant_word,restoration,34,305,1.2620790748775006e-47,1.0096632599020004e-46,0.47302541636823486,0.3944865875949556,0.55984022126118,0.006647568982655195,0.003806419567502307,0.009612470938683896,0.4663778473855799,0.38806720547955004,0.5520946893662465,0.6912173846039514,0.5878720613727875,0.805589292980966
heldout_265,irrelevant_word,restoration,34,265,1.2620790748775006e-47,1.0096632599020004e-46,0.45083494095067644,0.37071387260997224,0.5406715470247591,0.007482581859021857,0.004683860902274438,0.010475582804555555,0.4433523590916549,0.3633518255625263,0.5324799355533044,0.6506879216215733,0.5467897971144892,0.7600477857533053
all_305,irrelevant_word,restoration,35,305,2.9996462900088367e-07,2.9996462900088367e-07,0.008255725454459956,0.005135677594373355,0.011396694672598556,9.852552309212701e-05,-0.0009882893166304537,0.0012010794772856193,0.00815719993136783,0.004924340250510212,0.011343073011030545,0.02477075110023683,0.018372837532996365,0.03118005918309241
heldout_265,irrelevant_word,restoration,35,265,2.9996462900088367e-07,2.9996462900088367e-07,0.008672540394513392,0.005375484352134346,0.01209247782826351,0.00039578849310378843,-0.000720356536758083,0.001529620207459043,0.008276751901409602,0.00492620379288422,0.011717752050439212,0.024844112408007237,0.0180788295615561,0.03189994561830994
all_305,irrelevant_word,insertion,0,305,1.3456482007575415e-51,4.709768702651395e-50,3.4933954667009544,3.116464786765257,3.9027899172940472,0.10643383982802407,0.07173440552057517,0.14467331040404258,3.38696162687293,3.0166024797023816,3.7919400333238618,4.287746029735201,3.8276646645574353,4.78905465981147
heldout_265,irrelevant_word,insertion,0,265,1.3456482007575415e-51,4.709768702651395e-50,3.349531525965678,2.9602009277214782,3.7654564064938576,0.10703999839725019,0.06934468509336227,0.1487012820777495,3.2424915275684265,2.858720154608145,3.645325818673496,4.102255833163905,3.642529976358908,4.596009975105965
all_305,irrelevant_word,insertion,1,305,1.2074836834483845e-51,4.3469412604141845e-50,3.7460920859128626,3.345701451870097,4.1775170109090425,0.10445493136652294,0.0697201119796788,0.14311700363958618,3.6416371545463386,3.2466062322721174,4.063431306314885,4.4470233279220075,3.968319413229273,4.961992973959057
heldout_265,irrelevant_word,insertion,1,265,1.2074836834483845e-51,4.3469412604141845e-50,3.60217864640527,3.188742164556814,4.024655138484708,0.10483996392398928,0.06703454463494857,0.14638412966743355,3.4973386824812818,3.0911858048382,3.91706228076655,4.265836379019959,3.7843076612751183,4.768534336697596
all_305,irrelevant_word,insertion,2,305,1.4135485800302253e-51,4.806065172102766e-50,4.0965189529067585,3.666879507597902,4.547608142236201,0.11495197712102995,0.07841571673392303,0.15510360926360559,3.9815669757857273,3.5547017146537003,4.4291308004647805,4.726324245859371,4.207657764508617,5.269074149266732
heldout_265,irrelevant_word,insertion,2,265,1.4135485800302253e-51,4.806065172102766e-50,3.9631867188721777,3.51847705876103,4.439225961618308,0.11479250185866863,0.07402467848478848,0.15866014562221512,3.8483942170135097,3.405906597301745,4.318611504811627,4.537810608310183,4.024672880911189,5.090194650778887
all_305,irrelevant_word,insertion,3,305,1.7725417407912207e-51,4.806065172102766e-50,4.303091751934658,3.8576417147595032,4.774506355464598,0.11667470137527107,0.08040324881927144,0.1565476688993355,4.186417050559383,3.7441910805863676,4.654349332932766,4.904807133660902,4.382083455607529,5.478782853742009
heldout_265,irrelevant_word,insertion,3,265,1.7725417407912207e-51,4.806065172102766e-50,4.160984011054896,3.707295768929715,4.6506705585131485,0.11619367227559094,0.0766413391136567,0.1600021031385708,4.044790338779306,3.5961468763720887,4.531924190795614,4.705798941232794,4.188279704391114,5.255045503674127
all_305,irrelevant_word,insertion,4,305,1.6064801878950115e-51,4.806065172102766e-50,4.234884723315968,3.798570668891598,4.702422511777991,0.08826046752104584,0.05736678155793904,0.12203041496261445,4.146624255794921,3.714220764650548,4.610767037837106,4.844571300020022,4.311475339001225,5.397783519765512
heldout_265,irrelevant_word,insertion,4,265,1.6064801878950115e-51,4.806065172102766e-50,4.087858334204508,3.6338835822063693,4.559394237330476,0.0863996888169684,0.052715808460367115,0.12401365571965065,4.001458645387542,3.5497153150802534,4.4675472056582395,4.63529002887904,4.1143091369416345,5.1724416412042205
all_305,irrelevant_word,insertion,5,305,1.7210046861241597e-51,4.806065172102766e-50,4.234389880561106,3.7835390229325023,4.697783789443413,0.09038273727429846,0.05910562513355815,0.12512075293411506,4.144007143286806,3.699514637387991,4.604978897671084,4.850219506875794,4.3168482532703605,5.403988193183166
heldout_265,irrelevant_word,insertion,5,265,1.7210046861241597e-51,4.806065172102766e-50,4.08956847376492,3.6357323881407444,4.56794160867603,0.08736908549432927,0.05388070390734515,0.1258464241008845,4.00219938827059,3.555091820836638,4.478094937403635,4.641599866837447,4.124572886479013,5.188286038895928
all_305,irrelevant_word,insertion,6,305,1.7551942208586924e-51,4.806065172102766e-50,4.229822903372319,3.7802260356771855,4.694569851397001,0.0864261083694699,0.055759397335674914,0.11997344968797741,4.1433967950028485,3.6952391490424796,4.609690038410406,4.85508113300963,4.3220237884400055,5.41064434157435
heldout_265,irrelevant_word,insertion,6,265,1.7551942208586924e-51,4.806065172102766e-50,4.085572388664097,3.6375746890353056,4.55427764454963,0.08369826148395981,0.051616334395519936,0.12150500396713557,4.001874127180138,3.558396356269041,4.469539606763344,4.646261982346606,4.125396487871361,5.1941933078748646
all_305,irrelevant_word,insertion,7,305,1.7725417407912207e-51,4.806065172102766e-50,4.2551340917300955,3.806215103808628,4.71428425609333,0.08519030569927494,0.05422952680774675,0.11973837865502582,4.169943786030818,3.7244349377939345,4.627246319974062,4.885835596018318,4.358695720020698,5.434949731145703
heldout_265,irrelevant_word,insertion,7,265,1.7725417407912207e-51,4.806065172102766e-50,4.110309363400565,3.650160268154199,4.581341513247824,0.08200028697437257,0.04972687623200007,0.11770642867117476,4.028309076426192,3.571774662869944,4.497023047230849,4.678024748684076,4.163274433958856,5.227964959663241
all_305,irrelevant_word,insertion,8,305,1.7725417407912207e-51,4.806065172102766e-50,4.249559794388834,3.804802113745558,4.720104579449881,0.07904350741854707,0.04953855491161437,0.11158882783794531,4.170516286970287,3.7282207595978796,4.636012313272787,4.884842991132011,4.357491618208301,5.4541875662928385
heldout_265,irrelevant_word,insertion,8,265,1.7725417407912207e-51,4.806065172102766e-50,4.10298709982201,3.650600926917361,4.5857243123328875,0.07689297918411857,0.046426804402512116,0.11245227055034328,4.026094120637894,3.5703434780255554,4.502600849772245,4.679223678523604,4.163118307029046,5.2248032620304565
all_305,irrelevant_word,insertion,9,305,1.4416543479103456e-51,4.806065172102766e-50,4.239348448033564,3.800398366769363,4.698990295400541,0.07918496754085608,0.05047889951713779,0.11196843170365885,4.16016348049271,3.7192908419119877,4.619392345770707,4.857785403202657,4.3346526889182035,5.408456095678213
heldout_265,irrelevant_word,insertion,9,265,1.4416543479103456e-51,4.806065172102766e-50,4.0953292341184815,3.639889537290469,4.562469020221868,0.07677453682711004,0.04572724228678273,0.11076475417825091,4.018554697291373,3.5709771312656713,4.484400337541192,4.653016661078452,4.136174629719586,5.190518983242673
all_305,irrelevant_word,insertion,10,305,1.7380157493653482e-51,4.806065172102766e-50,3.919897271591851,3.4889871713122917,4.385591390055369,0.05948321001095931,0.03611484682519002,0.08590335036238488,3.8604140615808893,3.4332042363324278,4.321618126380456,4.605351928319713,4.093626610592682,5.168336376487492
heldout_265,irrelevant_word,insertion,10,265,1.7380157493653482e-51,4.806065172102766e-50,3.758271158757585,3.3184834401098042,4.241536238291746,0.05762656868762825,0.03310955052284031,0.08566365691349252,3.7006445900699556,3.2664650498447685,4.180506319642015,4.381466910648165,3.8700935317570417,4.935043979314246
all_305,irrelevant_word,insertion,11,305,1.7551942208586924e-51,4.806065172102766e-50,3.8853436521079514,3.4541784190514866,4.338310613109871,0.05754733844528247,0.033424929804375926,0.08366090823430747,3.8277963136626703,3.398188693362044,4.278069170427782,4.55449752467388,4.039784497310313,5.112732376808576
heldout_265,irrelevant_word,insertion,11,265,1.7551942208586924e-51,4.806065172102766e-50,3.7236935729081297,3.2732230003163627,4.180398685061077,0.05575898846822669,0.030672159963966078,0.08374300526552421,3.6679345844399016,3.2232256530073697,4.123567836353683,4.331300556474017,3.804582236554527,4.860731492249447
all_305,irrelevant_word,insertion,12,305,1.9176098181650984e-51,4.806065172102766e-50,3.749678950957692,3.318043195285128,4.197999054269577,0.052024042307069585,0.030307755587137802,0.07674887426387987,3.697654908650623,3.267127313193441,4.142410224850935,4.396645178697642,3.8839190647936186,4.930088125221222
heldout_265,irrelevant_word,insertion,12,265,1.9176098181650984e-51,4.806065172102766e-50,3.577011364195562,3.133357648099557,4.02514811863797,0.051362128038946527,0.027361858141247333,0.0776620450408884,3.525649236156614,3.0855768387849976,3.973071638045663,4.157400133283804,3.6544432311696786,4.674467150702624
all_305,irrelevant_word,insertion,13,305,1.499545945685223e-51,4.806065172102766e-50,3.7136583068594513,3.2933568079231126,4.183170598132454,0.04923795271703023,0.026750273416544262,0.07351500678933265,3.6644203541424214,3.2476654231122204,4.132059649318179,4.347712148014744,3.844583693364499,4.89185004446701
heldout_265,irrelevant_word,insertion,13,265,1.499545945685223e-51,4.806065172102766e-50,3.552677068216856,3.1052029101360628,4.024860990116363,0.04823647843419619,0.025638420837729204,0.07283838922097757,3.5044405897826616,3.059833515484309,3.9744022484337784,4.111605430788093,3.602365290578716,4.63482908132743
all_305,irrelevant_word,insertion,14,305,1.638404187730177e-51,4.806065172102766e-50,3.6471145235350235,3.2119864787582855,4.095515582631413,0.04649435955784133,0.024017739394656745,0.0702091723258082,3.6006201639771827,3.1699902455865208,4.046123679817496,4.299547423782289,3.7819175433247514,4.836043031654064
heldout_265,irrelevant_word,insertion,14,265,1.638404187730177e-51,4.806065172102766e-50,3.494482122690805,3.062793606332722,3.9424143577851725,0.04508025004162789,0.022427171268339232,0.06940773790503715,3.449401872649177,3.0214449461035557,3.8942235908639424,4.0641244445504645,3.5781931950924095,4.573047623596198
all_305,irrelevant_word,insertion,15,305,1.7725417407912207e-51,4.806065172102766e-50,3.6231953790812024,3.209002976684089,4.081949311188575,0.05016541247069171,0.028917078912894273,0.0730273081826306,3.573029966610511,3.158018194278942,4.02699946478226,4.291231981068527,3.8003811957647695,4.833625375478868
heldout_265,irrelevant_word,insertion,15,265,1.7725417407912207e-51,4.806065172102766e-50,3.4708089412435186,3.0406950701252025,3.92003051598887,0.048661165538894754,0.0272970040446065,0.07167356663539617,3.422147775704626,2.9956557554146563,3.867801040190439,4.060769633002625,3.574808332180224,4.5648845238250155
all_305,irrelevant_word,insertion,16,305,1.529353919270805e-51,4.806065172102766e-50,3.5753844206042724,3.1689336051376102,4.003857797123611,0.048630718851239395,0.029377887989314868,0.07015450581627296,3.526753701753034,3.123491186358316,3.9555304797644095,4.275768348362092,3.7936797445406016,4.789507098536256
heldout_265,irrelevant_word,insertion,16,265,1.529353919270805e-51,4.806065172102766e-50,3.414741235031379,2.9979362600429384,3.850990835887438,0.04708322584469987,0.026780933450072226,0.06848512110251663,3.367658009186677,2.9529589020104887,3.802163079200682,4.0392753233699965,3.5666473703728974,4.538332581481028
all_305,irrelevant_word,insertion,17,305,1.4135485800302253e-51,4.806065172102766e-50,3.4272850144796116,3.0437146222821787,3.826342760504236,0.050296571128826295,0.031418912987679834,0.07050186133543618,3.3769884433507853,2.9974046324547152,3.773810474271073,4.1538054572281675,3.6959687885607106,4.639664003222755
heldout_265,irrelevant_word,insertion,17,265,1.4135485800302253e-51,4.806065172102766e-50,3.278264953975256,2.8812253417521396,3.7033108843199765,0.048732122167869596,0.028872584185175226,0.0699586080501845,3.2295328318073864,2.8351378973973285,3.6510830251465025,3.930442334307076,3.463996537532727,4.426799364154711
all_305,irrelevant_word,insertion,18,305,1.622364006743417e-51,4.806065172102766e-50,3.4142645981244404,3.023493437489314,3.813107164397387,0.053907544706094865,0.03465882934750131,0.07517662106507095,3.360357053418347,2.9735147787872918,3.7556193868668166,4.216598011651154,3.7465416950627177,4.7048214633755325
heldout_265,irrelevant_word,insertion,18,265,1.622364006743417e-51,4.806065172102766e-50,3.2677727105456245,2.8785020790907496,3.6778298505825897,0.05007346320929561,0.0307889228598982,0.07110110028731859,3.2176992473363297,2.8338632221507902,3.6230981412735845,4.001034492969359,3.5441685557582163,4.4747431027839095
all_305,irrelevant_word,insertion,19,305,1.499545945685223e-51,4.806065172102766e-50,3.1414585484675044,2.8032057574338944,3.5022037050590056,0.055481282891955655,0.037132162838724336,0.0761314078374326,3.0859772655755475,2.7531558255319033,3.443256385912315,4.013800654847195,3.580899753956619,4.4635257335328795
heldout_265,irrelevant_word,insertion,19,265,1.499545945685223e-51,4.806065172102766e-50,3.0180911590670503,2.6790050069384352,3.3809884243832804,0.05032093382817464,0.032516241747104505,0.0699133199529197,2.967770225238874,2.6335392342747714,3.3244804787732383,3.8134893371312657,3.39707920797372,4.253133386909335
all_305,irrelevant_word,insertion,20,305,3.456346469685215e-51,4.806065172102766e-50,2.6527870171512635,2.3563965849329143,2.972985180115058,0.042945843457957586,0.027497044915506814,0.06020598993941822,2.6098411736933063,2.3133593216848434,2.927271951262825,3.567802502143505,3.1671396880713507,3.9812011156234144
heldout_265,irrelevant_word,insertion,20,265,3.456346469685215e-51,4.806065172102766e-50,2.531047827604996,2.2299823843540665,2.8579059623056344,0.03784515515392228,0.022915426235057403,0.05451026459226685,2.493202672451074,2.1947725466257797,2.8151728117589676,3.3713218035981103,2.9840468391291597,3.7865314986824425
all_305,irrelevant_word,insertion,21,305,3.964815375100832e-51,4.806065172102766e-50,2.3624445490777473,2.107196450570606,2.638527479230214,0.04410777879664662,0.02948454535848867,0.06061283571738743,2.3183367702810993,2.0647269702690596,2.5906673952299166,3.335034676894253,2.9736304200985546,3.714986709128004
heldout_265,irrelevant_word,insertion,21,265,3.964815375100832e-51,4.806065172102766e-50,2.2680103791589423,2.0052858008791596,2.5471311283282447,0.039483248746175335,0.025660006509305857,0.05453540344806822,2.228527130412768,1.969989842201774,2.5058934688561,3.1572545924126474,2.801530022598279,3.525537417837986
all_305,irrelevant_word,insertion,22,305,3.738367886829311e-51,4.806065172102766e-50,2.124879687475018,1.9020840178137342,2.3568859012130794,0.042739264000271227,0.028796123925193148,0.05808120139073847,2.0821404234747485,1.8609993304866703,2.312725003286178,3.063901981733669,2.7577119309666287,3.3817562230240896
heldout_265,irrelevant_word,insertion,22,265,3.738367886829311e-51,4.806065172102766e-50,2.0663627130214737,1.8332833650622407,2.3013394312645015,0.03844311250632357,0.02550996050952037,0.05260948747970557,2.027919600515151,1.797988289452007,2.257774132058465,2.935023496831512,2.6218373950395693,3.254421538260602
all_305,irrelevant_word,insertion,23,305,2.0542059914504484e-51,4.806065172102766e-50,2.011655795286242,1.7994971279102157,2.2262136405379187,0.04165685688100425,0.029454657341498245,0.054979493908042326,1.9699989384052383,1.760563157015429,2.1824063927325787,2.909367316949202,2.6258581298713803,3.2087346832469725
heldout_265,irrelevant_word,insertion,23,265,2.0542059914504484e-51,4.806065172102766e-50,1.9539327362589922,1.7383513743730077,2.1803714132849734,0.03951946679114257,0.026993001067648865,0.05381850529902658,1.9144132694678508,1.7005983030900653,2.136822046897517,2.8028712073142277,2.5211485618384883,3.1009506766437047
all_305,irrelevant_word,insertion,24,305,2.704517526101665e-51,4.806065172102766e-50,2.008999096166672,1.8063192121940435,2.226690251640697,0.04129941526807471,0.028389207629923384,0.05510917215892619,1.9676996808985991,1.767041529161929,2.183478460343905,2.853276384071048,2.5826139280152782,3.1339620792559426
heldout_265,irrelevant_word,insertion,24,265,2.704517526101665e-51,4.806065172102766e-50,1.9468987369789508,1.7310393242678013,2.1757964202079747,0.03877711931917306,0.025630571373526423,0.05330727350101063,1.9081216176597788,1.6964294655959662,2.1347100552671074,2.755218964029568,2.4687548503930143,3.0559549177100207
all_305,irrelevant_word,insertion,25,305,1.4703164816960008e-51,4.806065172102766e-50,1.809185621349596,1.6232652736667033,2.008332151377721,0.04219950349262867,0.030653603513573265,0.055117473406631645,1.7669861178569672,1.584635018591152,1.9615240217719168,2.666087345706517,2.4158527594738777,2.9264347385969613
heldout_265,irrelevant_word,insertion,25,265,1.4703164816960008e-51,4.806065172102766e-50,1.7676402232208348,1.5733817038469557,1.972955053345048,0.04064343724155262,0.028773825307221782,0.05409179297645626,1.7269967859792819,1.5358819181633951,1.9293050184524225,2.5999138939836595,2.3430178499901517,2.8712317654935644
all_305,irrelevant_word,insertion,26,305,1.7210046861241597e-51,4.806065172102766e-50,1.830083930735765,1.6402801693753233,2.030204021815923,0.041302083517695536,0.029926583710096356,0.05402119485194656,1.78878184721807,1.6010880563094974,1.9851284134149911,2.5826019676649232,2.338042313385851,2.836659851070435
heldout_265,irrelevant_word,insertion,26,265,1.7210046861241597e-51,4.806065172102766e-50,1.7856790885797236,1.587876704932866,1.9955707377668401,0.039072484070432956,0.02716294382608152,0.05245495862449723,1.7466066045092907,1.551808570557962,1.9526351448424915,2.5183497822141243,2.260824856996157,2.7865780104336126
all_305,irrelevant_word,insertion,27,305,1.7900599653473788e-51,4.806065172102766e-50,1.6627390867947254,1.4864344465418229,1.8494416351708798,0.04063666656350989,0.029232373424600663,0.05352535373536988,1.6221024202312164,1.4480551080631094,1.8067465139489416,2.3538269339930418,2.125114809226618,2.595823136891605
heldout_265,irrelevant_word,insertion,27,265,1.7900599653473788e-51,4.806065172102766e-50,1.6221334088042676,1.438827110710427,1.8178333969845912,0.038430922529459934,0.026933988921212394,0.05133306146980309,1.5837024862748086,1.4048866447560464,1.7786342636313142,2.2975457101016636,2.0579254354809025,2.550373120557599
all_305,irrelevant_word,insertion,28,305,2.0142189992397428e-51,4.806065172102766e-50,1.6786035735965583,1.5027240152415202,1.8778005212983149,0.038889224870584084,0.02745959838026201,0.051790299199606836,1.639714348725973,1.4667093246649514,1.8346665387182444,2.377029576348415,2.1488288413460386,2.627641993256817
heldout_265,irrelevant_word,insertion,28,265,2.0142189992397428e-51,4.806065172102766e-50,1.641175180198132,1.4496803971879886,1.8524451452005362,0.03618802626455829,0.024372592217703572,0.049193435312742305,1.604987153933572,1.4155873750894974,1.8121383769705068,2.3182356919560196,2.0673651617142643,2.58730567553123
all_305,irrelevant_word,insertion,29,305,3.389216083288264e-51,4.806065172102766e-50,1.60786653713729,1.4217754006097956,1.8039053280205144,0.03598719501068291,0.024714624203220754,0.0483081653589348,1.571879342126607,1.3868251522175659,1.7659795890275185,2.2221038737063257,1.988931554186659,2.469195218795081
heldout_265,irrelevant_word,insertion,29,265,3.389216083288264e-51,4.806065172102766e-50,1.561445117269245,1.3713407499141503,1.766213725813344,0.0337147161301967,0.02246882892831477,0.04610156335810615,1.5277304011390471,1.3393020952176662,1.7315956098629572,2.1606324466464772,1.919988027304962,2.4155855842531544
all_305,irrelevant_word,insertion,30,305,4.123315974782099e-51,4.806065172102766e-50,1.3783743373395942,1.215197257115779,1.5541764274073095,0.03123223636478445,0.021757874476920173,0.04244302619414373,1.3471421009748097,1.1839160509865174,1.5217056878699105,1.9164215233871194,1.7120846259673907,2.135633931179349
heldout_265,irrelevant_word,insertion,30,265,4.123315974782099e-51,4.806065172102766e-50,1.34305282823316,1.1792222850549505,1.527068623500822,0.029922764847762486,0.020148512058990823,0.041307364221133215,1.3131300633853973,1.1501718944370605,1.4960720784102117,1.8694574885517685,1.6574323851185697,2.1030223032437547
all_305,irrelevant_word,insertion,31,305,3.5248006028603493e-51,4.806065172102766e-50,1.273803819360235,1.1177785590500564,1.439552360640064,0.028227166602317468,0.019276658301722635,0.038472855962936016,1.245576652757918,1.0908610098064009,1.4095068856147577,1.7697181239660786,1.574217237374742,1.9759817030913478
heldout_265,irrelevant_word,insertion,31,265,3.5248006028603493e-51,4.806065172102766e-50,1.230366263497326,1.0692842524591992,1.4071993245059213,0.027538402146979307,0.018517670531487024,0.03824814907560572,1.2028278613503467,1.0435508465139076,1.3788766175843548,1.7132560832587744,1.5094254819595174,1.9307023618652757
all_305,irrelevant_word,insertion,32,305,3.164320645700543e-51,4.806065172102766e-50,1.0816389431133353,0.9371562871033042,1.2273918345632655,0.02425815965877136,0.01622582738524419,0.033663040402516414,1.0573807834545645,0.9152433181803855,1.202136569387796,1.4572617373059211,1.2811190560543553,1.6345982767999079
heldout_265,irrelevant_word,insertion,32,265,3.164320645700543e-51,4.806065172102766e-50,1.0377009261836523,0.8993468688858602,1.1880975532758202,0.023471263926756858,0.01534923752215023,0.03328199209485579,1.014229662256895,0.8778499675653411,1.1638056820072762,1.4006171665925353,1.2307394214504699,1.5868690285133
all_305,irrelevant_word,insertion,33,305,3.738367886829311e-51,4.806065172102766e-50,0.8419757149076129,0.7323190348815882,0.9632480949145521,0.02012184243356792,0.013455977523513922,0.02785563340632036,0.821853872474045,0.7133945130930969,0.9419471225364061,1.162693244063393,1.0248457052479891,1.3150151822095044
heldout_265,irrelevant_word,insertion,33,265,3.738367886829311e-51,4.806065172102766e-50,0.8212378070461019,0.7056868088417961,0.9476527264965083,0.020224857037264055,0.01302050575129876,0.028790254237291125,0.8010129500088382,0.6868286787020674,0.9255893906273548,1.1362977387115878,0.9919193985523226,1.295130684018989
all_305,irrelevant_word,insertion,34,305,1.4002875687213665e-47,2.800575137442733e-47,0.34123815737961555,0.28458580326224064,0.4051302502567987,0.00897180218599862,0.006050085364664646,0.012075154326376698,0.332266355193617,0.2759699179562232,0.3957835376698452,0.4929819176352835,0.4204262126667998,0.5731547570536827
heldout_265,irrelevant_word,insertion,34,265,1.4002875687213665e-47,2.800575137442733e-47,0.32336598922135906,0.267825476825216,0.38336890171529786,0.009600936272562111,0.006505347997495287,0.01289019554289663,0.3137650529487972,0.25901783504160714,0.3734072239046939,0.4702957249662606,0.4002527206621939,0.5444264932956417
all_305,irrelevant_word,insertion,35,305,0.00026775321277433523,0.00026775321277433523,0.0076406340878457015,0.004325680592551992,0.010993402112303876,0.0014299691294857534,0.0003843268385974604,0.0024688712189157185,0.00621066495835995,0.002871169038003567,0.009585509770208627,0.02112646198609214,0.01502347770096757,0.027363162321812903
heldout_265,irrelevant_word,insertion,35,265,0.00026775321277433523,0.00026775321277433523,0.007008819548620063,0.0034129077231869333,0.010556885470272974,0.0015240616897945335,0.00039445698374607983,0.0026675398497366474,0.005484757858825532,0.001934855691373348,0.008970381730300023,0.020559187238470836,0.01396929826554255,0.02736400255662419
