variant,question_id,behavior_group,no_text_category,overlay_category,baseline_margin_no_text,baseline_margin_overlay,overlay_margin_shift,text_token_count,activation_restoration_L5_12,activation_insertion_L5_12,attention_TA_L30_35,attention_TQ_L12_17,attention_QA_L30_35,free_changed_adjusted,free_target_removed_adjusted,free_recovered_adjusted
misleading_groundable,001057860,baseline_not_correct,other,misleading_groundable,9.077554114512168,-2.9857602203264832,-12.063314334838651,3,4.737702482137442,6.361095185997934,0.8793727502537271,0.18976167081079134,0.02723569213412702,1.0,1.0,0.0
misleading_groundable,00167842,baseline_not_correct,other,other,2.8203125,-16.40625,-19.2265625,15,19.6591794838508,18.221028586228687,14.651042660077414,1.3906241655349731,-0.46093738079071045,0.0,0.0,0.0
misleading_groundable,00222333,robust,correct_answer,correct_answer,4.47502064704895,3.2002589851617813,-1.2747616618871689,10,0.9580375608056784,1.2276019559552274,0.8457254295547804,0.02660838266213735,0.092386394739151,0.0,0.0,0.0
misleading_groundable,00223673,robust,correct_answer,correct_answer,16.828124904073775,14.43750029275543,-2.3906246113183443,20,1.990885349113038,1.5865882813135006,2.0052101284381934,0.20312562826438807,-0.2343748852435965,0.0,0.0,0.0
misleading_groundable,00277761,robust,correct_answer,correct_answer,18.32812535762787,14.468750476837158,-3.8593748807907104,8,2.0286459773778915,2.4680993258953094,2.4583349227905273,0.02083154519399007,-0.09375059604644775,0.0,0.0,0.0
misleading_groundable,00372938,robust,correct_answer,correct_answer,1.5455056712962687,0.6664446635913919,-0.8790610077048768,12,-0.7297591983172728,0.13990516984570908,0.4465622837888077,-0.24902309559305041,-0.02056676503707422,0.0,0.0,0.0
misleading_groundable,00647258,robust,correct_answer,correct_answer,18.671875291503966,16.23437480936991,-2.4375004821340553,8,0.6744788936145293,1.4615887342079077,0.5989576607244089,-1.7063478784003216e-06,-0.031250241241650656,0.0,0.0,0.0
misleading_groundable,00748174,robust,correct_answer,correct_answer,11.628003973713021,8.531638959486372,-3.096365014226649,10,3.3181610622733615,2.9104588441700416,0.751816643331343,0.10740443434769986,-0.10449668319961347,0.0,0.0,0.0
misleading_groundable,00880758,robust,correct_answer,correct_answer,8.372582852840424,5.95540314912796,-2.4171797037124634,6,-1.0283614993095398,5.443179907490654,0.021651854117711394,-0.9805596172809601,-0.11167997121810913,0.0,0.0,0.0
misleading_groundable,00958433,robust,correct_answer,correct_answer,20.000021100689764,19.718762576826066,-0.28125852386369843,8,0.19661866885693752,0.29753105365493104,0.30729424959849894,-0.05208208160145963,0.015622317718452905,0.0,0.0,0.0
misleading_groundable,01109085,baseline_not_correct,misleading_groundable,misleading_groundable,-5.082560872891918,-5.448254175600596,-0.36569330270867795,8,-0.1380514215294776,0.04831217281268134,0.18036471128774187,0.13239839690504596,-0.015618350938893855,0.0,0.0,0.0
misleading_groundable,01490719,robust,correct_answer,correct_answer,9.297024339451582,4.0714154019997295,-5.225608937451852,77,2.831040231829216,2.234023510795784,0.5511649822180212,0.35541086023166224,-0.1881716735667851,0.0,0.0,0.0
misleading_groundable,01490721,robust,correct_answer,correct_answer,2.7010781671851873,1.7881546318603796,-0.9129235353248077,48,0.34476331395429344,1.4429592523673211,0.16652715763969658,0.03231731435516849,-0.0821001266958774,0.0,0.0,0.0
misleading_groundable,01490722,baseline_not_correct,other,other,-1.4233472943810739,-2.3165234328826045,-0.8931761385015307,48,1.1739311591275432,0.8802061453599966,0.653103093245439,-0.7505437731709511,-0.04304283857845803,0.0,0.0,0.0
misleading_groundable,01542931,robust,correct_answer,correct_answer,12.412773280404508,2.886606695712544,-9.526166584691964,9,3.2953706807262884,9.045170207372092,7.969117132131942,0.5468623904744163,-0.5202418366679922,0.0,0.0,0.0
misleading_groundable,01777339,robust,correct_answer,correct_answer,8.383494704961777,-0.25236728801974095,-8.635861992981518,8,5.46778504837736,7.908182771663027,2.64973451566766,-0.07245259911481601,-0.7282394907088019,0.0,0.0,0.0
misleading_groundable,01777397,robust,correct_answer,correct_answer,16.69484612729866,9.367386992555112,-7.327459134743549,8,7.663408857896381,8.660018661350477,5.526481663575396,0.21904934632281464,-0.17252923175692558,0.0,0.0,0.0
misleading_groundable,0182020,baseline_not_correct,other,other,7.3651996575063094,4.260877640626859,-3.1043220168794505,3,2.0949579952527224,1.843709722859785,1.4627532385056838,0.18425068752064058,-0.06290864694165066,0.0,0.0,0.0
misleading_groundable,01852151,baseline_not_correct,ambiguous,misleading_groundable,-18.51084490865469,-19.728285048156977,-1.217440139502287,8,1.868126183069156,1.2071506947007342,-0.17497964141269526,0.0662146070972085,0.01527552492916584,0.6666666666666666,0.0,0.0
misleading_groundable,01856037,baseline_not_correct,misleading_ungroundable,misleading_ungroundable,6.093749046325684,0.390625,-5.703124046325684,6,-0.4407552083333333,0.8759765227635702,1.3489586512247722,-0.20572821299235025,-0.2265615463256836,0.0,0.0,0.0
misleading_groundable,01893019,robust,correct_answer,correct_answer,2.929270312193239,2.5212108641883333,-0.4080594480049058,21,0.3554248536628772,1.005420927268716,0.8715607138971487,0.732959846655452,-0.15358461067080498,0.0,0.0,0.0
misleading_groundable,01941730,robust,correct_answer,correct_answer,14.593687297838187,13.678812029200344,-0.914875268637843,12,0.6538923975855748,0.6433282169962997,0.37492269291033153,-0.07652548952561726,-0.08491927389331977,0.0,0.0,0.0
misleading_groundable,02194240,robust,correct_answer,correct_answer,8.382507753791288,5.437336204736766,-2.945171549054521,8,0.7447902819662128,0.9622536509503827,0.1511111492133447,0.0340234197698616,-0.09335357785857923,0.0,0.0,0.0
misleading_groundable,02194518,baseline_not_correct,misleading_ungroundable,misleading_ungroundable,-4.538953661452979,-3.993689495808212,0.5452641656447668,8,0.08872030805287068,0.29531363330655347,-0.02850262818780417,0.01301762008612665,-0.015686587954405695,0.0,0.0,0.0
misleading_groundable,02228159,baseline_not_correct,other,other,10.6875,-5.75,-16.4375,3,0.43880216280619305,6.556965986887613,1.468748410542806,-0.4244805971781413,-0.3828125,0.0,0.0,0.0
misleading_groundable,02378016,baseline_not_correct,other,other,-1.265625,-9.000000238418579,-7.734375238418579,8,9.507161488135655,9.516927052289248,6.2552088896433515,0.17187503973642984,-0.3281245231628418,0.0,0.0,0.0
misleading_groundable,02508272,baseline_not_correct,other,other,10.878753484097615,3.28133761931349,-7.597415864784125,114,4.061086342454322,4.965241226809516,3.353676279407106,-0.07515859571988888,-0.30341643109204597,0.0,0.0,0.0
misleading_groundable,02548379,fooled,correct_answer,misleading_groundable,1.3291901960619725,-0.07097280010657414,-1.4001629961685467,18,1.6653018046304167,-0.42395715786597066,3.5157469509416237,-1.9032463436372684,0.2060588601325435,1.0,1.0,1.0
misleading_groundable,02588373,baseline_not_correct,other,other,9.764854110209853,5.133773110661423,-4.6310809995484306,6,4.136505248034155,3.288572181798372,2.897748072631657,0.14406619424698874,0.25727903487859294,0.0,0.0,0.0
misleading_groundable,02634391,robust,correct_answer,correct_answer,7.7501408158667955,5.004158136240865,-2.7459826796259303,6,1.0529075964085957,2.2397922788915423,0.4988344248009244,0.010440611393682056,0.06121729547163568,0.0,0.0,0.0
misleading_groundable,02653250,baseline_not_correct,other,other,-1.828125,-10.820311546325684,-8.992186546325684,10,9.08105488618215,11.424153765042622,6.640625,-0.2812493642171224,-0.3281259536743164,0.0,0.0,0.0
misleading_groundable,02719553,baseline_not_correct,misleading_groundable,misleading_groundable,-8.084091214026557,-12.993089919912222,-4.908998705885665,10,1.0343844548940855,2.8599130748380714,0.3059650346703317,-0.7973956200296091,-0.7239759176154621,0.0,0.0,0.0
misleading_groundable,02733356,baseline_not_correct,other,other,4.577356577255614,0.25725949840398243,-4.3200970788516315,8,3.118725929612836,3.71324918355063,3.911441892257168,0.2628985243190982,-0.062494186277263,0.0,0.0,0.0
misleading_groundable,02751778,fooled,correct_answer,misleading_groundable,4.598871357738972,-6.974226195910887,-11.573097553649859,3,7.5447490009783,10.202330242082667,1.3487215898682432,0.7963600275682741,0.1996579121077957,0.0,0.0,0.0
misleading_groundable,0276492,robust,correct_answer,correct_answer,9.531499744254688,3.3602454517968,-6.171254292457888,4,2.0140895279425117,5.610051680082657,0.605396883260255,-0.015819873292154323,-0.1245292224593868,0.0,0.0,0.0
misleading_groundable,0276510,baseline_not_correct,misleading_groundable,misleading_groundable,-1.817069910466671,-0.895727351307869,0.921342559158802,12,0.2592471887667974,0.569999771968772,0.5137578696012497,0.080866406361262,0.08925236761569977,0.0,0.0,0.0
misleading_groundable,02824734,fooled,correct_answer,misleading_groundable,10.21375808864832,-0.3487948775291443,-10.562552966177464,18,7.552281817421317,9.997493070860704,5.5035964486499624,0.8443895330031713,-0.18608100712299347,1.0,1.0,1.0
misleading_groundable,0283384,robust,correct_answer,correct_answer,7.411920746322721,7.021344966517063,-0.3905757798056584,14,-0.16626567636194522,0.2176138156307085,0.07573036274213034,0.0690709797393841,0.01692136310157366,0.0,0.0,0.0
misleading_groundable,02922144,baseline_not_correct,misleading_ungroundable,misleading_ungroundable,1.7973329621393832,1.927604198454219,0.13027123631483573,14,0.487490269745826,0.5041876648518868,0.5602414608049967,-0.24708550502337948,-0.20474712059944888,0.0,0.0,0.0
misleading_groundable,031003134,baseline_not_correct,other,misleading_groundable,4.274575233459473,-5.987070875267364,-10.261646108726836,8,0.48294296218784893,5.293627665886258,0.06582433541370847,0.010799286265561628,-0.024542730301618576,0.0,0.0,0.0
misleading_groundable,031043800,robust,correct_answer,correct_answer,16.953125189989805,13.703125204890966,-3.249999985098839,4,0.7532555677462369,6.263020770313839,4.703124446794391,-0.09895744919776917,-0.1718750949949026,0.0,0.0,0.0
misleading_groundable,03126994,robust,correct_answer,correct_answer,20.11821639539994,19.98505365852543,-0.1331627368745103,20,0.5045565242559746,0.5114492053750723,0.48096229633180576,-0.04681833584754713,0.025132894519174442,0.0,0.0,0.0
misleading_groundable,03210431,baseline_not_correct,other,misleading_groundable,5.576427936553955,-7.0280757285654545,-12.60450366511941,18,11.480003788135946,13.047208177546661,3.3523019750912986,0.39398081103960675,-0.7882792688906193,1.0,1.0,0.0
misleading_groundable,03210502,robust,correct_answer,correct_answer,16.671874894876964,3.9062500316649675,-12.765624863211997,18,12.323567552598737,11.875000134534883,9.479166706868758,0.13541689208553484,-0.06249987194314599,0.0,0.0,0.0
misleading_groundable,03263089,robust,correct_answer,correct_answer,8.643054954736726,5.801405628764769,-2.8416493259719573,10,-1.7541962514260376,2.629280971066085,0.4505747969087679,0.20400707693382475,-0.2314719865389634,0.0,0.0,0.0
misleading_groundable,03304266,robust,correct_answer,correct_answer,18.765834911915594,16.265834315345273,-2.5000005965703203,6,1.4108096495171325,1.2858017213360058,0.604214451261214,0.15624171149587104,-0.10936695536656416,0.0,0.0,0.0
misleading_groundable,03337473,robust,correct_answer,correct_answer,9.616472376445017,4.276256222743541,-5.340216153701476,24,0.5678258649683509,4.861217295161927,0.32401379159273347,0.05825896354266054,-0.07339597757527372,0.3333333333333333,0.0,0.0
misleading_groundable,03433670,baseline_not_correct,other,other,8.718749046325684,4.984375,-3.7343740463256836,30,3.0240888992945356,3.108072956403096,2.2161474227905273,-0.002605438232421875,-0.2265625,0.0,0.0,0.0
misleading_groundable,03434840,baseline_not_correct,other,misleading_groundable,1.1181937959045172,-5.634322992758825,-6.752516788663343,8,6.542260333381516,6.879203081053371,0.2928379582929968,0.057771173465880565,-0.17304280276584905,0.0,0.0,0.0
misleading_groundable,03586608,robust,correct_answer,correct_answer,22.421875417232513,15.906249403953552,-6.515626013278961,15,6.303385768085718,6.624349428961674,6.229167282581329,0.1666671335697174,-0.3437482714653015,0.0,0.0,0.0
misleading_groundable,0367236,robust,correct_answer,correct_answer,25.95507253240794,23.089509895653464,-2.8655626367544755,98,2.6000314840105907,3.068207806437082,3.3397592613473535,-0.27102162890757125,-0.11643580719828606,0.0,0.0,0.0
misleading_groundable,03715969,baseline_not_correct,ambiguous,ambiguous,-5.249999523162842,-8.093749523162842,-2.84375,8,2.132812519868215,1.139323095480601,0.2343745231628418,0.015625,-0.0625,0.0,0.0,0.0
misleading_groundable,0376684,fooled,correct_answer,misleading_groundable,6.039823830127716,-1.2988404334346342,-7.33866426356235,4,2.476589043282123,4.998317767959861,0.2943543759226183,0.04968762832110466,-0.29525837301116553,0.0,0.0,0.0
misleading_groundable,03848652,baseline_not_correct,ambiguous,correct_answer,2.4435353527466455,-0.8638955755159259,-3.3074309282625713,21,2.9413593876977555,2.100318467373856,1.6211960241198544,-0.19308213165236826,-0.018267470411956088,0.0,0.0,0.0
misleading_groundable,04110544,robust,correct_answer,correct_answer,10.743417590892022,2.745164744572776,-7.998252846319247,6,2.754491559699924,8.049209474438234,4.854525274285909,-0.17738178123984957,-0.26173468679508005,0.0,0.0,0.0
misleading_groundable,04147732,baseline_not_correct,misleading_groundable,misleading_groundable,-14.439016447744962,-20.375106895635138,-5.936090447890177,2,0.8880464908950875,6.322977285003738,-1.0051272961392452,0.22211102916906653,-0.5572446079684905,0.0,0.0,0.0
misleading_groundable,04232755,baseline_not_correct,other,other,4.587616980087432,1.5688759684678644,-3.018741011619568,6,3.359611193347945,4.280886270111219,2.1934546033533784,0.2513453364410907,-0.26228934526488956,1.0,0.0,0.0
misleading_groundable,04236491,robust,correct_answer,correct_answer,5.391184288542718,-0.05315716707264073,-5.444341455615358,3,2.3975750194234324,2.488005582501804,0.32245416754934314,0.25839190265590634,-0.14025462864083238,0.0,0.0,0.0
misleading_groundable,04252059,robust,correct_answer,correct_answer,11.046875141561031,8.234374541789293,-2.812500599771738,8,3.4407552153182523,2.884765555306027,2.6093751254181066,-0.04687488327423731,-0.21875058859586716,0.0,0.0,0.0
misleading_groundable,0464477,baseline_correct_other,correct_answer,other,10.792754045280162,1.0410202399361879,-9.751733805343974,6,4.408880238700172,9.574541425674397,3.934875816339627,0.36637811448114616,-0.42000873025972396,0.0,0.0,1.0
misleading_groundable,0464833,robust,correct_answer,correct_answer,10.457885855183122,10.148373666128464,-0.30951218905465794,6,0.7686390177081345,0.30258182989052784,0.09086626839158878,0.46725525420621733,0.007616275689542817,0.0,0.0,0.0
misleading_groundable,0464834,baseline_not_correct,other,other,13.849393866956234,10.759584575891495,-3.0898092910647392,6,1.088918729685247,3.6852636483187475,2.2266679580012956,0.1274257798989614,-0.15190137922763824,0.0,0.0,0.0
misleading_groundable,04736189,robust,correct_answer,correct_answer,6.522542834281921,3.9978012833744287,-2.5247415509074926,64,2.4367329841867713,2.1679331344397115,1.0104448031634092,-0.23060700576752424,-0.04312156978994608,0.3333333333333333,0.0,0.0
misleading_groundable,04940139,robust,correct_answer,correct_answer,11.473778047049564,9.696563487952517,-1.7772145590970467,12,1.1830411883180052,1.2082735872311332,0.33151465222181287,-0.00026216517835564446,-0.0534694324596785,0.0,0.0,0.0
misleading_groundable,04940227,robust,correct_answer,correct_answer,2.9942788518965244,1.49123795167543,-1.5030409002210945,12,0.4409419067960698,0.47868485945703776,0.09788726929885616,0.015356257169817885,-0.015731681526328423,0.0,0.0,0.0
misleading_groundable,05167553,baseline_not_correct,other,other,10.103827953338623,4.062038593765465,-6.041789359573158,18,4.294880987980832,7.5237526791558285,3.3372403696751767,-0.09280810806861457,-0.08668643397686537,0.0,0.0,0.0
misleading_groundable,05175269,robust,correct_answer,correct_answer,5.286282199434936,4.074440608383156,-1.2118415910517797,3,-1.5972816229623277,0.16834518629669523,0.07317878953957309,0.010210735257714987,-0.02908245986327529,0.0,0.0,0.0
misleading_groundable,05175270,robust,correct_answer,correct_answer,6.890625067055225,6.359374858438969,-0.5312502086162567,3,-0.009114523107806846,0.3085937875633438,0.04687529057264328,0.03645859658718109,1.2665987014770508e-07,0.0,0.0,0.0
misleading_groundable,05280616,baseline_not_correct,other,other,3.3906259536743164,-2.390625,-5.781250953674316,28,0.9231770833333333,2.703776001930237,0.44791603088378906,0.031251271565755204,-0.171875,0.0,0.0,0.0
misleading_groundable,05334777,robust,correct_answer,correct_answer,4.151057363105792,3.142889276605274,-1.0081680865005183,18,1.4205166948711394,1.7735025410441572,1.2789464121427347,0.06028513106806107,-0.15125701578472217,0.0,0.0,0.0
misleading_groundable,05377982,robust,correct_answer,correct_answer,29.899283400937748,4.383823456880539,-25.51545994405721,12,7.502850814520103,18.350074931686073,2.4975654599645862,0.654231816191088,-0.24891928835692845,0.0,0.0,0.0
misleading_groundable,05384139,baseline_not_correct,other,ambiguous,5.113533914089206,1.664187371730808,-3.4493465423583984,8,0.9320747951666514,1.809515193104744,0.10578378041585286,-0.030887762705485024,-0.06191909313201904,0.0,0.0,0.0
misleading_groundable,05444023,baseline_not_correct,other,misleading_groundable,-4.05391371413134,-12.309269568105265,-8.255355853973924,6,5.350143519130484,5.850976875440324,0.08902837473669933,-0.35317226242113975,-0.1217314743944371,-1.0,0.0,0.0
misleading_groundable,05526201,baseline_not_correct,other,other,-0.8067150749266148,-1.5349092431133613,-0.7281941681867465,21,0.6935181401277077,0.548994678829331,0.21879537597609064,0.04034971282817423,-0.03732431272510439,0.0,0.0,0.0
misleading_groundable,05526202,robust,correct_answer,correct_answer,10.14348989725113,8.451053350820075,-1.692436546431054,21,1.7798049813515415,2.0579134021119594,1.3232154283720472,-0.12096923587159836,-0.04586607216151606,0.0,0.0,0.0
misleading_groundable,05526204,baseline_not_correct,other,other,4.370585855749596,1.281406432231961,-3.089179423517635,14,2.2076145296075538,1.7253451518339489,2.420394314094665,0.7712726781198095,-0.08193437648697,0.0,0.0,0.0
misleading_groundable,05580253,baseline_not_correct,misleading_ungroundable,misleading_groundable,1.737023293972019,-6.126099586486802,-7.863122880458821,10,6.498918040345109,8.693243638922763,0.7845429281393687,0.4139414628346761,-0.0069684386253463515,1.0,1.0,0.0
misleading_groundable,0565670,baseline_not_correct,other,other,2.676110208065438,0.9855367541481428,-1.6905734539172954,12,0.5496121744395168,1.373792072139641,0.9390928943948893,-0.0038908123962452614,-0.06201130151839607,0.0,0.0,0.0
misleading_groundable,05709010,robust,correct_answer,correct_answer,6.431004294659942,6.526009597349912,0.09500530268996954,10,-0.4239222127459167,-0.04576739128485012,0.43039678580438095,-0.03222727511699001,-0.0024306862615048885,0.0,0.0,0.0
misleading_groundable,05716301,baseline_not_correct,other,correct_answer,2.8860968111548573,3.9193769640187384,1.033280152863881,24,-0.5902626504378834,-0.1021377816862999,0.8689625407423591,-0.11167264832086705,0.0656373315359815,0.33333333333333337,0.0,0.0
misleading_groundable,05716750,baseline_not_correct,other,other,6.118304947391152,3.7415762960736174,-2.376728651317535,24,2.153028785707041,1.4625424277231407,1.6595439788652584,0.14495171420276165,-0.19142593428841792,0.6666666666666666,0.0,0.6666666666666666
misleading_groundable,05758368,fooled,correct_answer,misleading_groundable,2.0618709809690094,-3.6615121367941206,-5.72338311776313,2,1.3376143210174591,3.3322058190104134,0.2383832601089595,-0.18388388801698405,-0.1081311223806547,0.0,0.0,0.0
misleading_groundable,05827252,fooled,correct_answer,misleading_groundable,11.5,-7.703124963212758,-19.20312496321276,18,19.422526090512594,19.91406247839526,9.161458336670572,1.5312498415199418,-0.5937501154839993,1.0,1.0,1.0
misleading_groundable,05828245,robust,correct_answer,correct_answer,18.890625363215804,5.468749820254743,-13.421875542961061,4,4.803385583839069,6.4212239112627385,3.9635419442007938,-0.09375071742882331,-0.21875042375177145,0.0,0.0,0.0
misleading_groundable,05828246,robust,correct_answer,correct_answer,18.953124975785613,7.546874983236194,-11.40624999254942,4,3.4212241695883376,2.5097660461712317,2.0260424747442207,0.09374937508255243,-0.046876123175024986,0.0,0.0,0.0
misleading_groundable,05979511,baseline_not_correct,other,other,5.3698389693163335,2.391658856999129,-2.9781801123172045,10,0.49596011025520653,1.622631997714052,0.48261296888813376,0.17015755518029133,-0.07448123907670379,0.0,0.0,0.0
misleading_groundable,06123195,robust,correct_answer,correct_answer,13.500000242675014,2.406250052154064,-11.09375019052095,10,7.781901085532809,9.811848804314954,3.380207841658072,0.2500001568526689,-0.3750002002561814,0.0,0.0,0.0
misleading_groundable,06199384,baseline_not_correct,other,other,-1.3817757873330265,-4.651776915805385,-3.2700011284723587,6,2.675705276808041,2.4518091542988714,0.33437185242413153,0.4620725025703602,-0.024777824762168166,0.0,0.0,0.0
misleading_groundable,06199707,baseline_not_correct,other,other,0.20110392523929477,-4.656641483306942,-4.857745408546236,6,3.338391780744189,6.477775463368898,1.4163666513424857,0.03585839566464226,-0.08716353867202997,0.0,0.0,0.0
misleading_groundable,0623979,baseline_not_correct,other,other,9.781249523162842,5.109375,-4.671874523162842,3,2.0963540573914843,2.9583334227403006,0.7656249205271403,-0.05729182561238606,-0.0781259536743164,0.0,0.0,0.0
misleading_groundable,0624062,baseline_not_correct,other,correct_answer,3.1555502489209175,1.449183137214277,-1.7063671117066406,6,1.607561154438978,1.3807118144662431,1.3968859440647066,-0.19973873283015564,0.001766267407219857,0.0,0.0,0.0
misleading_groundable,0624063,baseline_not_correct,other,other,17.648437023162842,15.656250953674316,-1.9921860694885254,3,0.5712891419728596,1.0390624701976776,0.8567694028218588,-0.07552186648050944,-0.0781247615814209,0.0,0.0,0.0
misleading_groundable,06273840,baseline_not_correct,other,other,-1.5381579529494047,-3.335244048270397,-1.7970860953209922,12,0.6544687371885327,1.4937154106204011,0.9099494493178403,-0.04066964403803771,-0.018276298884302378,0.0,0.0,0.0
misleading_groundable,06368503,baseline_not_correct,other,other,3.6381393671035767,1.6167851062491536,-2.021354260854423,21,1.6764683764486108,1.3495126670459285,0.6353712868100653,0.032579352147877216,-0.17785815056413412,0.0,0.0,0.0
misleading_groundable,06416431,robust,correct_answer,correct_answer,12.859690889592002,11.938050640445454,-0.9216402491465487,40,1.4621478308589342,0.44395889198220095,1.9219350053852697,-0.4583278309070617,0.07808189359002426,0.0,0.0,0.0
misleading_groundable,06418064,baseline_not_correct,other,misleading_groundable,11.154453055933118,-5.833235998521559,-16.987689054454677,8,17.20267513693276,17.43919098208274,9.485560603175449,0.237727305003015,-0.548582235853246,1.0,1.0,0.0
misleading_groundable,06588258,baseline_not_correct,other,other,1.0345287388190627,-3.95026628347307,-4.984795022292133,8,1.7326359311017305,2.6940040680127595,0.39042306799827503,0.04909651260800274,-0.17127325152966932,0.0,0.0,0.0
misleading_groundable,06613583,robust,correct_answer,correct_answer,19.046875424683094,14.671875283122063,-4.375000141561031,6,3.127604383664827,7.356119727405408,3.28124879548947,0.020832950870196026,-0.0781259536743164,0.0,0.0,0.0
misleading_groundable,06752843,robust,correct_answer,correct_answer,5.6232825035792,4.1603390312163055,-1.4629434723628947,8,-0.9772360893136414,0.15295097053591325,0.8363672791162275,-0.35428500846036437,-0.060836513821413085,0.0,0.0,0.0
misleading_groundable,06752941,robust,correct_answer,correct_answer,21.003389456704856,15.92579850722359,-5.077590949481266,8,4.200864322712354,5.039562263720648,3.736571080909471,-0.4864637826413946,-0.02813710676643133,0.0,0.0,0.0
misleading_groundable,06830613,robust,correct_answer,correct_answer,23.44531214237213,16.140624962747097,-7.304687179625034,24,6.344400697698196,7.891927121207118,5.562500673035781,0.20833462476730347,-0.12499889731407166,0.0,0.0,0.0
misleading_groundable,06958697,baseline_not_correct,other,misleading_groundable,6.997000528266653,-6.974734317569528,-13.971734845836181,9,3.200281579993316,12.170851688482799,0.5959214689598108,0.3401456361170858,-0.4603001470095478,0.3333333333333333,0.0,0.0
misleading_groundable,06997755,robust,correct_answer,correct_answer,16.046874647960067,14.687500067055225,-1.3593745809048414,12,1.234375051688403,1.0657551091862842,1.0989576000720263,0.3958342345431447,0.09374878741800785,0.0,0.0,0.0
misleading_groundable,07182675,robust,correct_answer,correct_answer,15.580978784710169,14.75760229723528,-0.8233764874748886,6,0.9286033508445447,0.8902310245903209,1.2487103363188605,0.05468739243224263,-0.0002718656323850155,0.0,0.0,0.0
misleading_groundable,07251203,baseline_not_correct,other,misleading_groundable,3.515624761581421,-1.109375,-4.624999761581421,12,2.98111982891957,5.015624935428301,1.8645833532015483,1.348958392937978,-0.0625,1.0,1.0,1.0
misleading_groundable,07329699,baseline_not_correct,other,correct_answer,9.078125476837158,3.828125,-5.250000476837158,9,0.7389322717984518,3.420572876930237,1.3124998410542805,-0.07291674613952637,0.031249046325683594,0.3333333333333333,0.0,0.3333333333333333
misleading_groundable,0735845,fooled,correct_answer,misleading_groundable,3.7619679181661922,-1.9909988489816897,-5.752966767147882,18,3.5213761630014533,5.386503981246278,0.580822912597796,-0.4706726419002128,0.018748983726254664,0.0,0.0,0.0
misleading_groundable,07383083,robust,correct_answer,correct_answer,14.047078054965937,11.422373484063513,-2.6247045709024235,10,-0.10630961426311691,2.1932868311013407,2.307392984575273,-0.1822131419321522,0.04688596189942018,0.0,0.0,0.0
misleading_groundable,07527032,fooled,correct_answer,misleading_groundable,4.315669357776639,0.31033078829447436,-4.005338569482165,2,0.8356236260798243,0.5628421095510303,0.05345593641201618,-0.027703291012181424,-0.2089240700006485,0.0,0.0,0.0
misleading_groundable,07642188,baseline_not_correct,other,other,11.281249523162842,0.34375,-10.937499523162842,20,1.904296875,12.988281220197678,6.3958330154418945,0.08854134877522786,-0.1249995231628418,0.0,0.0,0.0
misleading_groundable,07696768,robust,correct_answer,correct_answer,20.51739886263931,16.754128600359763,-3.7632702622795478,10,1.7642088524027408,2.3751324822567312,2.379023359157145,0.02091281190466058,-0.00011554383308975957,0.0,0.0,0.0
misleading_groundable,07749051,baseline_not_correct,other,other,3.0253897220051535,-0.009186948261534322,-3.034576670266688,3,0.21267026029009778,1.409377756315128,0.027580534806474898,-0.0026749287887164463,-0.013233878028889201,0.0,0.0,0.0
misleading_groundable,07749052,baseline_not_correct,other,other,3.527260354409615,-0.8092696712507554,-4.3365300256603705,3,1.92753047984378,5.3243047493096025,0.6376415445314102,-0.14613279221682887,0.021043933772792567,0.0,0.0,0.0
misleading_groundable,07824225,robust,correct_answer,correct_answer,20.124999082181603,11.35937466705218,-8.765624415129423,8,3.104166674253065,6.488932702831032,2.104166073802238,-0.10416735774682213,-0.2968749899882823,0.0,0.0,0.0
misleading_groundable,07886588,baseline_not_correct,other,other,11.796859323978424,1.4406653195619583,-10.356194004416466,6,3.257802278424303,6.515041484807928,3.5701831032832465,0.020649186025063195,-0.19691991433501244,0.0,0.0,0.0
misleading_groundable,07903717,robust,correct_answer,correct_answer,25.846867173910756,22.777148249249574,-3.0697189246611813,6,2.658368838537016,5.404314540637017,2.675325130836928,-0.0862990936470247,-0.3187694164611514,0.0,0.0,0.0
misleading_groundable,0794808,baseline_not_correct,other,other,-3.470297813655634,-5.396231771368548,-1.925933957712914,6,0.5486851672193704,0.7353508630130818,-1.2964863593933842,-0.020777523509726357,0.04157739879883593,0.0,0.0,0.0
misleading_groundable,07960987,baseline_not_correct,other,other,3.034558605402708,-5.516862988686626,-8.551421594089334,8,7.36084627222302,8.0198690381197,1.6709419421007017,-0.030862234541624883,-0.29835097307659453,0.0,0.0,0.0
misleading_groundable,07961063,robust,correct_answer,correct_answer,8.241653636097908,0.7511758208711399,-7.490477815226768,8,7.296904233416475,8.29387141622222,1.0780548083760852,0.18796903845698884,-0.18706409515289124,0.0,0.0,0.0
misleading_groundable,08231609,baseline_not_correct,other,other,15.03125,14.609375715255737,-0.4218742847442627,12,0.556640883286794,0.5312498609224956,0.3749990463256836,-0.08333524068196614,-0.03125,0.0,0.0,0.0
misleading_groundable,0832820,baseline_not_correct,other,other,4.453125,0.78125,-3.671875,12,0.11328125,1.0149739583333335,0.44270833333333337,-0.09895833333333333,-0.046875,0.0,0.0,0.0
misleading_groundable,08391007,baseline_not_correct,other,other,8.74629570171237,3.558558389544487,-5.187737312167883,21,5.007701335474849,6.019834323941419,3.799581247071425,-0.3406131689747175,-0.016036201268434525,0.0,0.0,0.0
misleading_groundable,08614804,robust,correct_answer,correct_answer,4.816399420608529,3.0193340356906146,-1.7970653849179143,5,-0.0612190346662627,1.9555929805638674,0.34856141854500766,0.1011453436353295,-0.08544628820285016,0.0,0.0,0.0
misleading_groundable,0866560,baseline_not_correct,other,other,3.796867013315932,3.2656077746974006,-0.5312592386185315,3,-0.9824247583542984,0.08072768654301399,0.04166696468473674,0.015624662233676645,-0.031248867620888632,0.0,0.0,0.0
misleading_groundable,0870846,robust,correct_answer,correct_answer,9.108029274269938,7.983310966519639,-1.1247183077502996,30,1.2656962538603693,1.328930084515984,1.0884127028596897,0.0740010947920382,-0.07033118745312095,0.0,0.0,0.0
misleading_groundable,0870864,robust,correct_answer,correct_answer,9.289189059054479,8.132046636892483,-1.1571424221619964,30,1.314998898926812,1.2354865514983733,1.0783416099147871,-0.045582262643923364,-0.07674782583490014,0.0,0.0,0.0
misleading_groundable,08877823,baseline_not_correct,other,correct_answer,3.261700956034474,2.663881383719854,-0.59781957231462,6,0.5817407265615959,1.1464875392703107,0.6716329623595811,-0.026750006994310144,0.1590946073702071,0.0,0.0,0.0
misleading_groundable,08950057,baseline_not_correct,other,other,11.81284136359318,6.218872732584714,-5.593968631008465,12,1.8890970123208415,5.159961344636031,6.0469912536306465,-0.16665053391625406,-0.12499016588117229,0.0,0.0,0.0
misleading_groundable,08971595,robust,correct_answer,correct_answer,17.29687433692743,9.031250431668013,-8.265623905259417,18,2.287109466594605,2.2968749561878212,0.22395791604261225,0.3072920910296185,0.04687419344554655,0.0,0.0,0.0
misleading_groundable,091003729,robust,correct_answer,correct_answer,9.218353092686812,8.633908420810485,-0.5844446718763265,15,0.07513083579684121,0.3626167072569236,0.21881477534755808,0.04932851592813373,0.01199948787689209,0.0,0.0,0.0
misleading_groundable,09207835,baseline_not_correct,other,other,12.568005502224253,9.05553942918823,-3.5124660730360233,12,0.31170830627262325,1.4855508307615726,2.0819477041562777,0.472936511039696,-0.15440034866333008,0.0,0.0,0.0
misleading_groundable,09207961,baseline_not_correct,other,misleading_groundable,-1.6787492483854294,-5.617477462350507,-3.938728213965078,8,3.40373588196447,4.507167044466769,0.545012681352091,0.12586079186682278,-0.16149002785095945,1.0,1.0,0.0
misleading_groundable,09480804,baseline_not_correct,other,misleading_groundable,-2.595281720510684,-6.72871317490808,-4.133431454397396,10,4.242921263789564,4.051127843503612,0.20311663671479133,0.26379137913075584,-0.28968912211166753,0.0,0.0,0.0
misleading_groundable,09561219,robust,correct_answer,correct_answer,11.165383400874362,0.4999967366568363,-10.665386664217525,36,10.249163923705161,10.26957580252548,2.2027292582938607,1.45282587940853,-0.007596115872274822,0.0,0.0,0.0
misleading_groundable,09587326,baseline_correct_other,correct_answer,misleading_ungroundable,6.515624821186066,1.3281251192092896,-5.187499701976776,8,1.9199218129118283,1.7285156274835267,0.5156252582867941,0.2656251589457194,-0.03125029802322388,0.0,0.0,0.0
misleading_groundable,09618048,baseline_not_correct,other,misleading_groundable,-3.4384888689698228,-5.189060211994122,-1.7505713430242995,6,0.9523623631746685,1.7482999261624677,0.6732571604152323,-0.1401667199445198,-0.08376478620630312,0.0,0.0,0.0
misleading_groundable,09720788,robust,correct_answer,correct_answer,19.03124904770084,9.906250002488378,-9.124999045212462,8,9.139973971956048,8.380859593173378,7.791666624889331,0.26041575225584285,-0.3281261918673408,0.0,0.0,0.0
misleading_groundable,10106050,baseline_not_correct,other,other,11.523039296269417,-5.238701641559601,-16.761740937829018,15,6.3606969732791185,9.891584002723297,0.7163696140050888,0.8833943605422974,-0.674336701631546,0.0,0.0,0.0
misleading_groundable,10144611,robust,correct_answer,correct_answer,15.422349482844766,11.475033909169724,-3.9473155736750414,2,-0.02748703584359191,0.37753134096374197,0.2544025679420277,-0.05455939968517972,-0.06523874401955254,0.6666666666666666,0.0,0.0
misleading_groundable,10150587,robust,correct_answer,correct_answer,20.453125509870006,17.000000748230377,-3.4531247616396286,12,4.266927220034631,5.466796802126434,3.713541524586617,0.04687420334084891,-0.1562501197331585,0.0,0.0,0.0
misleading_groundable,10432706,fooled,correct_answer,misleading_groundable,16.4531241682198,-2.437500089406967,-18.89062425762677,6,10.129557332345332,16.03320327573025,3.7812497069171513,0.23437413827923592,-0.9062503379827831,1.0,1.0,1.0
misleading_groundable,10432707,robust,correct_answer,correct_answer,19.343749523532097,2.2187500819563866,-17.12499944157571,6,8.539062588131099,15.02734366638477,2.291666853858866,0.2708319946929502,-0.5624997763879946,0.0,0.0,0.0
misleading_groundable,10435332,robust,correct_answer,correct_answer,17.890625556843588,10.640625060565071,-7.250000496278517,8,1.7845052513815367,4.190755373573969,0.9270826128680103,-0.06250023982526423,-0.20312499318970367,0.0,0.0,0.0
misleading_groundable,1044700,fooled,correct_answer,misleading_groundable,3.093750238418579,-6.59375012665987,-9.68750036507845,32,4.637369830588189,8.363281288649887,4.546874992238979,-0.20312442382176715,-0.18749941512942314,0.0,0.0,0.0
misleading_groundable,1046570,baseline_not_correct,other,other,3.859374523162842,-0.5,-4.359374523162842,6,0.40755208333333337,0.8593750397364299,0.46354198455810547,0.005208015441894531,-0.125,0.0,0.0,0.0
misleading_groundable,10534713,baseline_not_correct,other,other,16.335936784744263,10.20312511920929,-6.132811665534973,3,1.2897136559089026,3.180989608168602,1.1588550209999084,0.02604275941848755,0.0234372615814209,0.0,0.0,0.0
misleading_groundable,10560336,robust,correct_answer,correct_answer,10.08923607693282,7.727773539724922,-2.361462537207899,12,2.294866021993016,0.5342866444308261,2.996370318847312,0.6648625468371089,0.0247969741462839,0.0,0.0,0.0
misleading_groundable,10560550,baseline_not_correct,ambiguous,misleading_groundable,-1.4877315014600754,-5.229342186836675,-3.7416106853765996,8,2.7426581739621456,2.539136180532599,0.25554628849454275,0.38101645372671555,-0.11476594954569919,0.0,0.0,0.0
misleading_groundable,10576809,robust,correct_answer,correct_answer,8.769856631756454,8.320310831070287,-0.4495458006861668,6,0.4111861487231252,1.627892059584461,0.8768635193506876,0.006700634956359863,-0.03357142209995345,0.0,0.0,0.0
misleading_groundable,10587851,baseline_not_correct,other,other,10.228742717032825,9.68834597284634,-0.5403967441864843,6,-0.018571469087975245,0.1261596043643496,0.16103480132490886,-0.009392009588838235,-0.06280336758936755,0.0,0.0,0.0
misleading_groundable,10720200,fooled,correct_answer,misleading_groundable,4.943512303772877,-0.6874983161765158,-5.631010619949393,6,5.754369007988894,6.142276545884272,4.833317556701748,0.6307148621900373,-0.11802291311903446,1.0,1.0,1.0
misleading_groundable,10780660,baseline_not_correct,misleading_groundable,misleading_groundable,-4.000032974946635,-5.468809168971362,-1.468776194024727,10,0.31087701158774195,1.1181656813469445,0.4661436226484182,0.020832444239886172,-2.6052946395793697e-06,0.3333333333333333,0.3333333333333333,0.0
misleading_groundable,10872518,robust,correct_answer,correct_answer,14.796875268220901,12.437500141561031,-2.35937512665987,8,1.9596352566344044,1.5944009491552908,1.1927085133890312,0.02604236329595248,-0.10937495902180672,0.0,0.0,0.0
misleading_groundable,10885625,baseline_not_correct,other,other,-1.8853177729943127,-4.401451091444604,-2.516133318450291,4,1.1144546149621712,2.986607016112487,-0.0980281414619338,0.00013448793267419393,0.041139319575468125,0.0,0.0,0.0
misleading_groundable,10887013,baseline_not_correct,other,other,-7.74608805263415,-9.84935474419035,-2.1032666915562004,6,1.2474604343274223,0.876840948489189,0.8766891040104383,-0.16205382072257635,-0.02372311872204591,0.0,0.0,0.0
misleading_groundable,10970663,robust,correct_answer,correct_answer,24.2032649713656,21.109454817058605,-3.0938101543069934,6,1.4342543298901849,1.8658965385099386,2.408849059657465,0.24479298008373007,-0.2656199886914692,0.0,0.0,0.0
misleading_groundable,10981814,baseline_not_correct,other,other,3.3083725571622153,2.9133945703465542,-0.3949779868156611,14,0.42779097389417114,0.46261334419791444,0.39820510149096816,-0.10107386112201766,-0.00575572252330403,0.0,0.0,0.0
misleading_groundable,10981815,baseline_not_correct,other,other,7.395833253861838,6.026401758195334,-1.369431495666504,12,2.046906073887731,2.409626747170757,1.771496236324424,0.13545435667030384,-0.055254936218375406,0.0,0.0,0.0
misleading_groundable,10982368,robust,correct_answer,correct_answer,26.42187488080799,16.499999523643055,-9.921875357164936,4,4.994792138176232,9.121744558146096,4.705728769325712,0.17708357185786858,-0.24218761939209799,0.0,0.0,0.0
misleading_groundable,10982370,robust,correct_answer,correct_answer,9.624999761581421,3.2812498211860657,-6.343749940395355,4,3.8222655802965164,4.38736970971028,2.7135421435038247,-0.09374980131785074,-0.04687410593032837,0.0,0.0,0.0
misleading_groundable,111054807,baseline_not_correct,other,other,-1.7405041960882954,-3.2825456902355654,-1.54204149414727,12,0.5568939895313179,0.7232896550322796,0.13060853960450913,0.1770503308671323,-0.1409150946074078,0.0,0.0,0.0
misleading_groundable,11138731,robust,correct_answer,correct_answer,3.2469490915537165,3.0728862620890283,-0.1740628294646882,8,0.32787738367916575,0.22191488261646222,0.3376462633410995,-0.05948197965821104,-0.06098569929599762,0.0,0.0,0.0
misleading_groundable,11242550,robust,correct_answer,correct_answer,7.944337314926088,7.886889575047235,-0.0574477398788531,10,0.15838766571505403,0.5274484035042899,0.6643797748392141,0.11411000139150929,-0.017145537655096632,0.0,0.0,0.0
misleading_groundable,11311131,robust,correct_answer,correct_answer,3.562675178050995,0.644371896982193,-2.918303281068802,20,1.6724853819857042,3.478151050085823,1.4195423523585002,0.0511260728041331,0.035170912742614746,0.0,0.0,0.0
misleading_groundable,1132240,baseline_not_correct,other,misleading_groundable,1.5686009526265252,-6.874143731331969,-8.442744683958495,10,6.39015069221971,8.520968385462751,0.8960968784745091,0.2765128681105959,-0.15555903563711126,0.0,0.0,0.0
misleading_groundable,11366836,baseline_not_correct,other,other,-0.6328081488917405,-1.4062512516958385,-0.773443102804098,18,0.9612663884836767,1.0595739384209302,0.6979168653493512,0.0885417660068697,-0.20312505960646376,0.0,0.0,0.0
misleading_groundable,11546519,baseline_not_correct,other,misleading_groundable,5.570703510195017,-4.278731733560562,-9.849435243755579,14,8.025000367624065,9.228895960841328,2.3268842746814093,0.30920856942733127,-0.28714920580387115,1.0,1.0,0.0
misleading_groundable,11576877,baseline_not_correct,misleading_groundable,misleading_groundable,-6.157913346221903,-8.667924109642627,-2.5100107634207234,40,1.7848309951705232,1.4234587307234203,0.10026409306252997,0.09696141652481552,-0.08385258073394652,0.0,0.0,0.0
misleading_groundable,11593596,robust,correct_answer,correct_answer,20.937500255648047,21.10937475285027,0.17187449720222503,8,1.6175127780540302,2.4635415163841876,1.6093751410565649,0.16666646775168675,0.06250103109050542,0.0,0.0,0.0
misleading_groundable,11598011,robust,correct_answer,correct_answer,7.8388294987380505,0.7417167767125648,-7.097112722025486,8,3.4028573606398522,5.622641614504877,0.7836403425511284,0.2837637758833201,-0.26919330927194096,0.0,0.0,0.0
misleading_groundable,11611981,baseline_not_correct,misleading_groundable,misleading_groundable,-7.905687069260239,-7.811249813334143,0.09443725592609553,3,0.26540113511663793,0.14906937633999937,0.04751071140223455,0.04421693355819419,0.029515119517554922,0.0,0.0,0.0
misleading_groundable,11714119,baseline_not_correct,other,other,0.921875,-3.296875,-4.21875,6,2.6002603570620217,3.994791487852732,0.4375,0.30208301544189453,-0.171875,0.0,0.0,0.0
misleading_groundable,11976551,fooled,correct_answer,misleading_groundable,3.294015049934387,-8.858581564185442,-12.15259661411983,6,4.1366445754368515,7.797651755623519,0.36320342901550856,0.2315844603484341,-0.861304578545969,0.0,0.0,0.0
misleading_groundable,12169197,robust,correct_answer,correct_answer,18.62500074505806,10.29687525331974,-8.32812549173832,48,8.249348838658381,8.35123712926482,6.278645971169074,-0.2942708774159352,-0.0859370157122612,0.0,0.0,0.0
misleading_groundable,12169315,baseline_not_correct,other,other,3.453124523162842,-0.859375,-4.312499523162842,48,4.1809894641240435,4.716796696186066,3.093749523162842,-0.30729182561238605,0.1250004768371582,0.0,0.0,0.0
misleading_groundable,12228720,robust,correct_answer,correct_answer,27.804688173229806,16.57812569849193,-11.226562474737875,15,10.934570348583899,10.880534219128702,9.367186827817932,0.5442702128008629,-0.6484372488921508,0.0,0.0,0.0
misleading_groundable,122313,robust,correct_answer,correct_answer,10.683210579212755,4.686207623861264,-5.9970029553514905,4,-1.61540334363364,5.086542812093285,0.4778940784065829,-0.017691991903120652,-0.19928422250086442,0.0,0.0,0.0
misleading_groundable,12321357,robust,correct_answer,correct_answer,17.504011925318764,13.346007142223925,-4.158004783094839,18,3.402238323042487,1.7010959486177815,3.2352568122244065,1.0675509423026597,-0.3179860860102508,0.0,0.0,0.0
misleading_groundable,12425145,robust,correct_answer,correct_answer,11.5424666249437,7.101551294686033,-4.440915330257667,21,4.435672474180592,4.061259034076518,4.476448291752756,-0.12006997905041317,-0.14105017927977315,0.0,0.0,0.0
misleading_groundable,12582014,robust,correct_answer,correct_answer,18.156249883584678,1.1562500298023224,-16.999999853782356,6,15.562499956227839,15.824869598727673,10.572916473805284,0.3437496566524108,-0.6718755895271897,0.0,0.0,0.0
misleading_groundable,12582015,baseline_not_correct,other,other,10.453125357627869,8.781250238418579,-1.6718751192092896,8,1.8789062251647315,1.7382812052965164,1.276041309038798,-0.09895769755045573,0.04687392711639404,0.0,0.0,0.0
misleading_groundable,126254,robust,correct_answer,correct_answer,13.952109729820222,7.704596151350415,-6.247513578469807,32,5.284622572504607,6.974522147767857,3.943882628567129,0.3650263770323363,-0.21867500014195684,0.0,0.0,0.0
misleading_groundable,12656100,robust,correct_answer,correct_answer,22.078125596047357,13.187499761586196,-8.890625834461162,18,4.945963228738009,9.385417218003564,4.250000556303689,-0.3125003973605847,-0.3906246423706534,0.0,0.0,0.0
misleading_groundable,12739894,fooled,correct_answer,misleading_groundable,3.8663128316402435,-0.8959492223802954,-4.762262054020539,12,2.973989484710425,4.6508426777460645,1.1616750600514933,0.1129225702995124,-0.2962264290545136,1.0,1.0,1.0
misleading_groundable,12771239,fooled,correct_answer,misleading_groundable,4.187500074505806,-1.1562499478459358,-5.343750022351742,3,1.6126301946739354,3.877929695571462,0.21875017136335373,0.1562500757475694,-0.00781269371509552,0.0,0.0,0.0
misleading_groundable,12771240,robust,correct_answer,correct_answer,8.904634762264322,5.32101237407187,-3.5836223881924525,21,3.3586754329759665,2.8640704650339712,0.3312014094941939,0.16044513485394418,0.043622371449600905,0.0,0.0,0.0
misleading_groundable,12794628,baseline_not_correct,other,misleading_groundable,5.859375,-3.5468750596046448,-9.406250059604645,12,6.1529947494467105,9.730468747516474,1.8958328068256378,-0.02083335816860199,-0.2187490090727806,0.0,0.0,0.0
misleading_groundable,12801829,robust,correct_answer,correct_answer,15.35091273020953,12.849864622112364,-2.501048108097166,12,2.433637011500347,2.5673669508832972,1.068495034899873,-0.02420503064058721,-0.046128285117447376,0.0,0.0,0.0
misleading_groundable,12884056,robust,correct_answer,correct_answer,18.87502151777335,15.45314204722672,-3.4218794705466316,12,0.17514459630729137,2.9609537875082124,1.1927055120643975,-0.1302043992373001,-1.9668941604322754e-06,0.0,0.0,0.0
misleading_groundable,12892057,robust,correct_answer,correct_answer,3.309115565537165,1.4331208501243964,-1.8759947154127685,24,2.064392109635971,1.98217496273719,0.9944068543069687,0.18560351618281082,-0.050736963516100575,0.0,0.0,0.0
misleading_groundable,12951079,baseline_not_correct,other,misleading_groundable,18.50000023841858,-3.7812498956918716,-22.28125013411045,8,21.37239553655187,19.618815074364342,15.00781281789144,2.3385415027538934,-0.9843748360872269,0.0,1.0,0.0
misleading_groundable,13168955,robust,correct_answer,correct_answer,15.43663018222287,12.428839244059418,-3.0077909381634527,14,4.234507625961555,2.966033061453724,4.255490473157806,-0.3599056874809321,-0.17891868204060302,0.0,0.0,0.0
misleading_groundable,13180607,robust,correct_answer,correct_answer,8.105503146616684,7.911551847584633,-0.19395129903205088,4,0.05569928078117907,0.3197361571216485,0.07891547936014831,0.01066313549381448,0.027659402374411002,0.0,0.0,0.0
misleading_groundable,13267649,robust,correct_answer,correct_answer,9.3123368767192,5.038985860126559,-4.273351016592642,6,4.878169506736716,4.850939602445353,4.117238563895309,-0.20574181771856578,-0.09374739384657005,0.0,0.0,0.0
misleading_groundable,13278386,robust,correct_answer,correct_answer,20.863115310668945,19.10187073564157,-1.7612445750273764,15,0.8169492254576957,1.493312235620882,1.4585132552310824,-0.06132865479836862,-0.0878842524252832,0.0,0.0,0.0
misleading_groundable,133123,baseline_not_correct,other,misleading_groundable,2.4265183582901955,-5.660966853844002,-8.087485212134197,6,7.295040876255371,7.783258954121266,2.9114907421559715,0.5045963205241909,-0.11559283919632435,0.0,0.0,0.0
misleading_groundable,13384714,robust,correct_answer,correct_answer,2.816144295036878,1.8360471576453108,-0.9800971373915672,18,0.5726665129574637,0.46831595307836926,0.019885055720806122,-0.06436945249636968,-0.11300656571984291,0.0,0.0,0.0
misleading_groundable,13421272,baseline_not_correct,other,other,6.531249523162842,4.109375,-2.421874523162842,36,3.940104186534881,3.3749999006589255,3.328125476837158,0.9895831743876139,-0.2968745231628418,0.0,0.0,0.0
misleading_groundable,13539357,robust,correct_answer,correct_answer,10.364021516492357,10.016263425310171,-0.34775809118218604,8,0.25340831064321867,0.41822319654577694,0.06986734745593519,-0.025992137610046484,-0.013824635126638896,0.0,0.0,0.0
misleading_groundable,13539366,robust,correct_answer,correct_answer,9.960697758477181,9.574094697794862,-0.38660306068231876,8,0.06688606630897691,0.41184277728766955,-0.006389382676237204,-0.0008057280235031303,-0.014552481500686554,0.0,0.0,0.0
misleading_groundable,13583080,robust,correct_answer,correct_answer,8.395622015000981,4.2202427119487425,-4.175379303052239,10,0.503793590289836,1.488342525059823,-0.19339648983437507,-0.7488310518366083,-0.14203981077304206,0.0,0.0,0.0
misleading_groundable,13795770,robust,correct_answer,correct_answer,19.62499904665674,14.65625000008913,-4.968749046567609,15,4.883463819948436,4.7832034579842,4.395834207530545,-0.03125131129854708,-0.29687464223297866,0.0,0.0,0.0
misleading_groundable,13805353,baseline_not_correct,ambiguous,ambiguous,13.914061546325684,12.4609375,-1.4531240463256836,21,1.2779951095581055,4.628906399011612,1.494792064030965,-0.10416682561238606,-0.01562356948852539,0.0,0.0,0.0
misleading_groundable,13877107,baseline_not_correct,misleading_ungroundable,misleading_ungroundable,1.6852193884551525,-0.5779764070248348,-2.2631957954799873,6,0.4988769637731518,1.223469755928818,0.38140395195417415,-0.0220845587173244,-0.03864807633362943,0.0,0.0,0.0
misleading_groundable,13907718,robust,correct_answer,correct_answer,13.688679655075248,0.5396717489475122,-13.149007906127736,8,9.2427260017879,11.216609743967599,2.0422977393482142,0.8800809443579662,-0.2215719190908203,0.0,0.0,0.0
misleading_groundable,1399473,baseline_not_correct,other,other,1.016166741914276,-3.6171059691032497,-4.633272711017526,12,2.225817140383697,3.0524088570979684,0.4142640879299506,0.1120025938598701,0.0469058921744363,0.0,0.0,0.0
misleading_groundable,14150801,robust,correct_answer,correct_answer,12.187499875202775,5.031250223517418,-7.156249651685357,10,1.9388021100312471,8.318359377270099,2.0364580818762383,0.22395801652843753,-0.07812539953738451,0.0,0.0,0.0
misleading_groundable,14205217,robust,correct_answer,correct_answer,8.125066148364576,4.609438484812192,-3.515627663552384,12,1.9508399820257787,2.841477906043961,2.085922221430071,-0.07291760378992329,-0.10156430336029576,0.0,0.0,0.0
misleading_groundable,14278783,robust,correct_answer,correct_answer,21.49239878385561,19.515901582373786,-1.9764972014818234,18,0.28763640676334035,1.6431383481849466,0.37767225182323827,-0.2083992987172607,-0.015605507025622245,0.0,0.0,0.0
misleading_groundable,14354993,robust,correct_answer,correct_answer,22.98437583447685,6.406249839230441,-16.57812599524641,15,14.559896386285459,14.454427785790624,11.124999608752963,1.0624984956599899,-0.5312502050169314,0.0,0.0,0.0
misleading_groundable,14383943,fooled,correct_answer,misleading_groundable,16.632812947034836,-0.296875,-16.929687947034836,15,16.640624933565658,19.223632810016476,8.473957558472952,0.6692703564961751,-1.1718748807907104,0.0,1.0,0.0
misleading_groundable,14412508,baseline_not_correct,other,correct_answer,15.929499626159668,12.744872689247131,-3.1846269369125366,6,-3.7197019581993422,2.408147481580575,2.1071065266927085,-0.031561861435572304,-0.014071494340896606,0.0,0.0,0.0
misleading_groundable,14500101,baseline_not_correct,other,other,15.683862030506134,10.828282222151756,-4.855579808354378,12,3.3199509630600614,4.398824278265238,2.549974039196968,-1.2355895241101582,-0.3188757300376892,0.0,0.0,0.0
misleading_groundable,14500102,baseline_not_correct,other,other,3.214524030685425,-1.3750469386577606,-4.589570969343185,12,2.4024202687044935,4.564620881030956,1.0467144548892975,-0.20044678449630737,-0.08185556530952454,0.0,0.0,0.0
misleading_groundable,14603133,fooled,correct_answer,misleading_groundable,20.062499501684215,-11.656249829771696,-31.71874933145591,10,31.061849497191965,29.99283871197743,11.80729183042422,4.578124516207026,-1.0781260241928976,1.0,1.0,1.0
misleading_groundable,14616200,fooled,correct_answer,misleading_groundable,1.7682734185800655,-2.4494636156741763,-4.217737034254242,28,2.687742607992732,3.566569678094614,0.8316686568359728,0.6939080999703341,-0.13234244942577789,0.0,0.0,0.0
misleading_groundable,14647452,robust,correct_answer,correct_answer,19.19194014184177,13.553353228606284,-5.6385869132354856,12,3.0444504969151844,4.154230929959643,2.425841108119736,0.053731384221464396,0.008254516404122114,0.0,0.0,0.0
misleading_groundable,14795007,robust,correct_answer,correct_answer,7.104757355420588,5.188103367188887,-1.916653988231701,21,1.038259237534021,1.243510797336512,0.5088340708425676,-0.020199123073931936,-0.05782318331330316,0.0,0.0,0.0
misleading_groundable,14836243,baseline_not_correct,misleading_groundable,correct_answer,0.16922503712066828,0.6936267018550097,0.5244016647343415,9,0.048748489478062616,0.046692155303749885,0.015804111958004796,-0.16486249366077269,0.0013293027886902564,0.0,0.0,0.0
misleading_groundable,151042717,robust,correct_answer,correct_answer,16.582388981245458,4.267406038939953,-12.314982942305505,27,11.300901720785381,12.03719500634664,8.921376606604705,0.03259642779206237,-0.41888835141435266,0.0,0.0,0.0
misleading_groundable,151050035,robust,correct_answer,correct_answer,9.572151363827288,8.980356730586209,-0.5917946332410793,6,0.3012422084704364,0.2339373132805728,0.2319051853264682,0.08258077020097213,-0.028353218724078033,0.0,0.0,0.0
misleading_groundable,15159700,baseline_not_correct,other,other,7.927580502277124,5.899305698883836,-2.0282748033932876,15,1.4736348272163013,1.868104328607539,1.564458285169773,-0.05711958055083717,-0.06591417062736582,0.0,0.0,0.0
misleading_groundable,15159823,baseline_not_correct,other,misleading_groundable,-7.531250476837158,-21.781249505467713,-14.249999028630555,15,5.415364333661273,11.348958489349268,2.625000201864168,0.484375614944535,-0.5312478136038408,0.0,0.0,0.0
misleading_groundable,15198383,robust,correct_answer,correct_answer,7.616551586244896,2.0762209387976327,-5.540330647447263,9,5.5363268762133275,7.190155858692984,4.3224973673908,0.5126218787433269,-0.41619616808748106,0.0,0.0,0.0
misleading_groundable,1527345,robust,correct_answer,correct_answer,11.681770456023514,6.012900725007057,-5.668869731016457,6,4.9427379800084354,4.70154987112619,2.6532104620710015,0.08776732503126065,-0.20090470276772976,0.0,0.0,0.0
misleading_groundable,15437515,baseline_not_correct,other,other,3.7546087043592706,1.6433827877044536,-2.111225916654817,4,0.4354175278929754,1.116258942819011,0.604078457535484,0.09239114772451273,-0.1681392833707065,0.0,0.0,0.0
misleading_groundable,15437595,robust,correct_answer,correct_answer,10.128928560763597,4.357913454977734,-5.771015105785864,21,1.4157630815454354,4.371950079460039,0.8608119232124712,0.17361981793980402,-0.11526581458792862,0.0,0.0,0.0
misleading_groundable,15437596,robust,correct_answer,correct_answer,10.908926576375961,2.764976210868099,-8.143950365507862,8,2.2806167963595954,4.958564891142336,0.41101433944080173,-0.043218736848454384,-0.1838363744373055,0.0,0.0,0.0
misleading_groundable,15487875,fooled,correct_answer,misleading_groundable,5.013402320307553,-0.3455793884832019,-5.358981708790755,3,0.8776098524930754,3.678543053736525,0.2522582166140841,0.04092552738428704,-0.137446441821643,1.0,1.0,1.0
misleading_groundable,15487885,robust,correct_answer,correct_answer,4.6244317474993295,-0.11409751581967004,-4.738529263318999,24,4.4669274452869026,4.433180342662799,0.5752107763776486,0.05501138719777565,-0.06949907631496899,-0.3333333333333333,0.0,0.0
misleading_groundable,15487886,fooled,correct_answer,misleading_groundable,4.402021062796848,-1.366402020134662,-5.76842308293151,24,5.84449983654067,5.859503882950575,0.9888843909011203,0.27389368973652145,-0.1704840791717288,0.0,0.0,0.0
misleading_groundable,15510785,robust,correct_answer,correct_answer,9.010448754081153,4.249012477852375,-4.761436276228778,6,1.201833844672175,3.5983654316915286,0.6415937269684946,0.017782293256762692,-0.08828055858248263,0.0,0.0,0.0
misleading_groundable,15576859,baseline_not_correct,other,other,3.1600789222866297,-0.2325364830903709,-3.3926154053770006,33,3.5140773611880527,3.5639561445762715,0.5351136352401227,0.26095126545988023,-0.28793264576233923,0.0,0.0,0.0
misleading_groundable,15576860,robust,correct_answer,correct_answer,6.492835383078727,6.21170735444116,-0.2811280286375677,21,0.24000491266804147,0.32387041939773553,0.1570151759909398,0.01818231473597128,-0.01579204289714653,0.0,0.0,0.0
misleading_groundable,15584337,robust,correct_answer,correct_answer,7.468750238418579,6.78125,-0.6875002384185791,6,1.414062738418579,2.6328126291433973,0.99479079246521,-0.041666666666666664,-4.76837158203125e-07,0.0,0.0,0.0
misleading_groundable,15675843,baseline_not_correct,other,other,6.671874523162842,1.0625,-5.609374523162842,4,-0.9791666865348816,6.474609315395355,3.9010417461395264,-0.6197911898295084,-0.1875,0.0,0.0,0.0
misleading_groundable,15708104,baseline_not_correct,other,other,2.936882555491138,-0.8203085065279083,-3.7571910620190465,3,0.33561207353899175,1.9146442368659486,0.3515920936520918,0.13016352057403915,-0.07199564575807926,0.0,0.0,0.0
misleading_groundable,15776654,robust,correct_answer,correct_answer,6.7373379381606355,4.781230247608619,-1.9561076905520167,8,1.111516219613501,1.559038843450253,0.22665004046090567,-0.06310476552850257,-0.050288331462070346,0.0,0.0,0.0
misleading_groundable,15781736,robust,correct_answer,correct_answer,12.718749606283382,4.796875040978193,-7.921874565305188,8,5.462890472597792,5.9453125094199395,3.999999961194893,0.48437474815485376,-0.4062503627501428,0.0,0.0,0.0
misleading_groundable,15848285,robust,correct_answer,correct_answer,17.73629005725809,16.126312144979085,-1.6099779122790032,6,0.08408706690276639,0.31705146775907167,0.22908485514926843,0.010407849278042391,-0.07805489501633289,0.0,0.0,0.0
misleading_groundable,15859012,robust,correct_answer,correct_answer,2.4978719018022275,1.2966856434911733,-1.2011862583110542,10,0.8324200841434314,1.1102096337972278,0.8192296698433665,0.04060563382639278,0.007612913844923241,0.0,0.0,0.0
misleading_groundable,1593063,robust,correct_answer,correct_answer,29.82812573404226,15.125000204890966,-14.703125529151293,18,10.902018306718674,10.97493508513071,7.705728552309059,1.19270788016244,-0.6093758330534911,0.0,0.0,0.0
misleading_groundable,15962137,baseline_not_correct,other,other,0.4283329556431754,-3.3283157387898727,-3.756648694433048,10,1.2967349875698466,2.5247921290689797,1.333102347667183,0.18935724504646925,0.01933059531438719,0.0,0.0,0.0
misleading_groundable,15975265,baseline_not_correct,other,other,0.15625,-8.343750476837158,-8.500000476837158,27,7.860677182674408,7.294922113418579,6.7187496821085615,0.7864580154418945,-0.5000004768371582,0.0,0.0,0.0
misleading_groundable,161036195,robust,correct_answer,correct_answer,19.078125275671482,14.343749962747097,-4.734375312924385,6,2.1757813811612623,4.767578084021807,3.286456421017647,-0.010415706783533096,-0.10937507823109627,0.0,0.0,0.0
misleading_groundable,16312777,baseline_not_correct,other,other,6.599390983581543,4.784909121692181,-1.8144818618893623,8,0.21151014188459766,1.982697537401691,0.3152968551342686,0.017066712180773415,0.030694639310240746,0.0,0.0,0.0
misleading_groundable,16320136,robust,correct_answer,correct_answer,4.724243106966848,1.3901582702034527,-3.3340848367633953,4,3.238164882074626,3.391125552668427,1.685903409287473,0.506598007553445,-0.0549417492006794,0.0,0.0,0.0
misleading_groundable,16617264,robust,correct_answer,correct_answer,22.546875670552254,12.875000156462193,-9.671875514090061,8,5.919270862204334,3.130859512214859,2.5416682536403337,0.6822917883594831,-0.4999998137354851,0.0,0.0,0.0
misleading_groundable,16802975,baseline_not_correct,other,other,15.171036720275879,-5.061317428946495,-20.232354149222374,18,19.65574524768939,20.128553742232423,13.887434892356396,2.78272104014953,-0.8721318021416664,0.0,0.0,0.0
misleading_groundable,16885815,baseline_not_correct,misleading_groundable,misleading_groundable,-14.351252824159019,-22.65626925265497,-8.30501642849595,3,2.0917141108507806,5.798523813368364,-0.12651232894769393,0.33579199511890084,0.1023993197350137,0.0,0.0,0.0
misleading_groundable,16889715,robust,correct_answer,correct_answer,5.691996216774896,4.2048571507140196,-1.4871390660608768,8,1.1547068754834509,2.2008422199226123,0.9414350986481231,-0.030441866980571202,0.03597891330719083,0.0,0.0,0.0
misleading_groundable,16917277,baseline_not_correct,other,other,-6.71875,-9.968749046325684,-3.2499990463256836,12,0.5644528865814209,1.8828126589457197,0.8072916666666666,0.17708237965901694,0.1250009536743164,0.0,0.0,0.0
misleading_groundable,16922131,fooled,correct_answer,misleading_groundable,5.438742339611039,-8.187890682020228,-13.626633021631267,4,4.801098755851855,7.485743016625429,0.6954106356133707,-0.13256756928361332,-0.6657751627499096,0.0,0.0,0.0
misleading_groundable,171009091,robust,correct_answer,correct_answer,22.11500695347786,21.792981654405594,-0.3220252990722656,12,0.480023767799139,0.395634342605869,0.43661202987035114,-0.05001116295655569,0.019965514540672302,0.0,0.0,0.0
misleading_groundable,171031349,robust,correct_answer,correct_answer,8.961132630705833,4.152750324457884,-4.80838230624795,4,0.04766574044091006,3.1154788159765303,1.9070694943269093,0.10796693774561088,-0.3702913336455822,0.0,0.0,0.0
misleading_groundable,17184511,robust,correct_answer,correct_answer,15.855423810193315,1.590965073555708,-14.264458736637607,8,12.763266832467707,14.196854065715797,8.613244246792116,0.02616257391491672,-0.35473454475686594,0.0,0.0,0.0
misleading_groundable,17184589,robust,correct_answer,correct_answer,5.637641207082197,2.793816029559821,-2.843825177522376,8,2.4162025209516287,2.7933948415933023,0.9624591014580801,0.005851097715397675,0.05254526238422841,0.0,0.0,0.0
misleading_groundable,17512624,baseline_not_correct,misleading_groundable,misleading_groundable,-2.5110455365016073,-3.3814384882375634,-0.8703929517359561,6,-0.3430291750729061,-0.04804149048747306,0.011164365675843483,0.01348463856912622,0.01999553510305896,0.0,0.0,0.0
misleading_groundable,1781695,baseline_not_correct,other,other,11.359375,10.437500953674316,-0.9218740463256836,6,0.9674478967984518,2.6829429864883423,1.7499977747599285,0.08854198455810547,-0.1093759536743164,0.0,0.0,0.0
misleading_groundable,17836705,baseline_not_correct,other,misleading_groundable,14.23416268825531,-5.156581659335643,-19.390744347590953,10,12.525227932278842,18.972829289385118,1.4563987517418961,1.0539874471724033,-0.2535849865525961,0.0,0.0,0.0
misleading_groundable,17845553,fooled,correct_answer,misleading_groundable,4.508931555406889,-5.109714828664664,-9.618646384071553,6,3.70103331877903,8.357753040333193,0.1958114016618803,0.185433722989823,-0.12604752466717173,0.0,0.0,0.0
misleading_groundable,17891394,robust,correct_answer,correct_answer,17.506995354488026,11.964202330855187,-5.542793023632839,21,5.922476416621066,5.752148535708936,6.503339273389429,0.2201585426228121,-0.06322286429349333,0.0,0.0,0.0
misleading_groundable,17897767,robust,correct_answer,correct_answer,7.146696588237925,2.4763584621590176,-4.670338126078908,12,2.3496086731019106,4.409458312940235,0.6377216515781282,-0.12427123591704836,-0.08359869913450302,0.0,0.0,0.0
misleading_groundable,17928859,baseline_not_correct,other,other,-4.823400424793363,-6.729360704310238,-1.9059602795168757,10,-0.1534801847980513,0.8746252029959578,0.0911005949601531,0.12653562589548528,-0.07066509616561234,0.0,0.0,0.0
misleading_groundable,17939409,robust,correct_answer,correct_answer,21.609555178068035,15.828234518808054,-5.781320659259981,14,5.208361464729309,4.564446248324527,4.010454566293485,-0.42708268383457987,-0.015620388048166234,0.0,0.0,0.0
misleading_groundable,17960135,robust,correct_answer,correct_answer,6.829365375451744,4.497601555616711,-2.3317638198350323,10,2.313122719146122,2.7589227893149655,1.8002265420703527,-0.06571779917188299,0.262163257895736,0.0,0.0,0.0
misleading_groundable,181024237,fooled,correct_answer,misleading_groundable,11.70786436177635,0.3274525936867576,-11.380411768089592,10,12.286774015537148,11.88043101166598,7.343705330107089,1.0649355580794189,-0.13881328144634608,1.0,1.0,1.0
misleading_groundable,18103652,robust,correct_answer,correct_answer,4.423868439377212,3.4914963136748938,-0.9323721257023179,12,1.1735009823836022,0.7254551495232497,0.36556105214185663,0.004175311944511595,0.017975970772795336,0.0,0.0,0.0
misleading_groundable,181055810,robust,correct_answer,correct_answer,5.00741018413828,4.767666117295448,-0.23974406684283167,8,-0.3812491601277846,0.27170145731330797,0.06463792861662417,0.03641268602950731,0.01780099974712357,0.0,0.0,0.0
misleading_groundable,18107342,baseline_not_correct,other,misleading_groundable,-1.1926596201956272,-8.981110692056689,-7.788451071861061,12,7.841458519486864,8.25011725446885,2.129687239625298,0.20741389429540882,-0.20747663079373524,0.0,0.0,0.0
misleading_groundable,18182103,baseline_not_correct,other,other,-11.301096975803375,-9.217240885598585,2.0838560902047902,8,-1.7255949250926883,-0.4019301654989249,0.08974749707461645,-3.1126188927058442,0.7707977506797761,0.0,0.0,0.0
misleading_groundable,18182420,baseline_not_correct,other,misleading_groundable,10.66073164716363,-1.71464229747653,-12.37537394464016,6,9.900341255473904,13.916250069470454,7.105805801227689,-0.03398795767376821,-0.42255373671650887,1.0,1.0,0.0
misleading_groundable,18182472,robust,correct_answer,correct_answer,4.8826951663941145,3.575388313169242,-1.3073068532248726,8,1.604584839277474,1.4792044936924262,0.2528175736467044,-0.10202708904398605,-0.08441986091202125,0.0,0.0,0.0
misleading_groundable,18229012,baseline_not_correct,other,other,2.9609439373016357,-0.04187321662902832,-3.002817153930664,3,2.1487731064359346,2.617067373047272,-0.36784811814626056,0.13691550493240356,-0.06043243408203125,0.0,0.0,0.0
misleading_groundable,18255605,baseline_not_correct,other,other,0.5193875568220392,0.6437219325453043,0.12433437572326511,10,0.26725051252409077,0.1308278475771658,0.030670583204482682,0.42059397577152896,-0.007245346729177982,0.0,0.0,0.0
misleading_groundable,18273501,baseline_not_correct,other,misleading_groundable,11.958377367060166,-3.152995034935884,-15.11137240199605,15,8.600323180779622,11.336664998751075,1.1316600549422826,0.10244350897846743,-0.4461657586507499,0.0,0.0,0.0
misleading_groundable,1827790,robust,correct_answer,correct_answer,3.6778914206661284,2.0324487051830147,-1.6454427154831137,8,-0.3485478514945347,1.0293990748513502,0.04396054291131198,0.14455226298408283,-0.023844274372095242,0.0,0.0,0.0
misleading_groundable,18333274,robust,correct_answer,correct_answer,9.722703725099564,6.26044288277626,-3.4622608423233032,12,1.6501694433391094,2.130870448114971,0.3917057290673256,-0.11274206886688869,-0.0007440298795700073,0.0,0.0,0.0
misleading_groundable,18333277,robust,correct_answer,correct_answer,10.104658633470535,6.978365421295166,-3.1262932121753693,2,0.49448748677968984,1.9586920312916238,0.1667145937681198,0.007427876194318134,-0.0057408735156059265,0.0,0.0,0.0
misleading_groundable,18348417,baseline_not_correct,other,other,11.783509791770484,9.781050185963977,-2.002459605806507,6,1.9527245231013997,2.354918947959959,2.3347369066129127,-0.09544600735534914,-0.14018889906583354,0.0,0.0,0.0
misleading_groundable,18486014,robust,correct_answer,correct_answer,8.07813525192421,6.812500655776944,-1.2656345961472653,4,0.5394022138341132,-0.0006427492964415152,0.02864750223890648,-0.13541722294716388,-0.17968744043241713,0.0,0.0,0.0
misleading_groundable,18573112,baseline_not_correct,other,other,2.8857584008947015,-4.2017525248272705,-7.087510925721972,6,6.205375817370386,7.091067590351685,2.1280120039036015,-0.06295627898801588,-0.14937572833264312,0.0,0.0,0.0
misleading_groundable,187716,baseline_not_correct,other,other,8.160862684251242,2.6141166687032182,-5.546746015548024,6,5.69066226233997,4.741175500055078,3.1828252077104175,0.6528425017993035,-0.3199782371520996,0.0,0.0,0.0
misleading_groundable,18896153,baseline_not_correct,other,misleading_groundable,11.734374046325684,-11.015624839812517,-22.7499988861382,10,16.980468751396984,18.336588543529313,9.617186375272771,0.596353579002122,-0.5859382273629308,1.0,1.0,0.0
misleading_groundable,18922752,baseline_not_correct,other,misleading_groundable,2.633150380337611,-10.484662559236313,-13.117812939573923,12,12.747211947588976,11.444531634032652,1.2087375878012,-0.4790467489744212,-0.6090183547930792,0.0,0.0,0.0
misleading_groundable,19108479,robust,correct_answer,correct_answer,20.196086004376752,9.158349718898705,-11.037736285478047,6,5.781581642184056,8.396420109939621,7.490262402531982,-0.315133958744525,-0.5557361347600818,0.0,0.0,0.0
misleading_groundable,19108593,baseline_not_correct,other,correct_answer,9.40625,4.656250238418579,-4.749999761581421,6,0.5234374472250541,4.029296897351742,0.7864585171143214,0.010416895151138306,-0.015626072883605957,0.0,0.0,0.0
misleading_groundable,19284246,baseline_not_correct,other,other,10.62158856948372,-1.1183427483556443,-11.739931317839364,6,2.107676006508882,10.157434072885735,1.3200931951966293,0.19265669852272066,-0.27041584313701605,0.0,0.0,0.0
misleading_groundable,19358422,robust,correct_answer,correct_answer,2.9687501043081284,2.8749998807907104,-0.09375022351741791,15,0.3151041742724677,0.5592447627956668,0.4010417548318704,-0.020833263794581093,-0.04687491059303284,0.0,0.0,0.0
misleading_groundable,19457535,baseline_not_correct,other,other,8.2109375,0.609375,-7.6015625,6,5.48046875,6.293294469515483,2.9531243642171225,0.08593877156575522,0.71875,0.0,0.0,0.0
misleading_groundable,19457553,baseline_not_correct,other,misleading_groundable,2.546875,-11.84374993480742,-14.39062493480742,8,14.276041673651587,14.66861981203935,2.552082981914282,0.3437503951912125,-0.37500014528632164,0.3333333333333333,0.0,0.0
misleading_groundable,19505767,robust,correct_answer,correct_answer,15.796875387430191,7.531250059604645,-8.265625327825546,6,6.7024739142507315,4.910156224543849,4.781249701976776,0.7552091479301453,-0.37500014901161194,0.0,0.0,0.0
misleading_groundable,19613658,baseline_not_correct,other,misleading_groundable,-0.25564827769994736,-7.449686740350501,-7.194038462650553,8,2.3520784215038084,5.5918599053593105,0.1543601298082251,0.2717120904124594,-0.25451481697382405,0.0,0.0,0.0
misleading_groundable,19638002,robust,correct_answer,correct_answer,9.065941317006946,7.834671539189003,-1.2312697778179427,6,0.635190005046752,0.5154735461631693,0.2311688967408069,-0.035724047003895976,-0.13923623928712914,0.0,0.0,0.0
misleading_groundable,19659459,robust,correct_answer,correct_answer,11.554506355707417,7.740281285950914,-3.814225069756503,8,2.6295635471493974,3.389066815760695,2.79772416226236,0.008913285288144834,0.034397372714011,0.0,0.0,0.0
misleading_groundable,19757751,robust,correct_answer,correct_answer,6.8604640952708,5.412432909011837,-1.4480311862589623,4,1.6616379863345816,0.7663606546472437,0.9370052814628629,-0.07318474845669698,-0.008650303023387096,0.0,0.0,0.0
misleading_groundable,1976676,baseline_correct_other,correct_answer,other,11.420251920819965,5.977465331554697,-5.442786589265268,8,5.571776188910242,7.240230245516031,5.143198351065489,0.3732531915108173,-0.3027272522448925,-1.0,0.0,0.0
misleading_groundable,19774663,fooled,correct_answer,misleading_groundable,4.201575530692935,-1.1640777476131916,-5.365653278306127,10,4.806339643022511,4.371055489328379,0.37381775459895533,0.40887590451166034,-0.023749759420752525,0.0,0.0,0.0
misleading_groundable,19779968,baseline_not_correct,other,other,3.71875,0.375,-3.34375,8,-2.7128907442092896,1.5332030852635703,2.1614583333333335,-0.10416666666666666,0.078125,0.0,0.0,0.0
misleading_groundable,1979327,baseline_not_correct,other,misleading_groundable,5.015625,-10.390625360028935,-15.406250360028935,10,11.755208330966525,12.099609449008614,5.90624991171353,-0.05208385409544765,-0.343749879662937,0.0,0.0,0.0
misleading_groundable,19808117,robust,correct_answer,correct_answer,13.906249932013452,5.453124962747097,-8.453124969266355,10,5.220703149621841,7.887369627608375,4.135416455411662,-0.19270754939255613,0.10937482258304954,0.0,0.0,0.0
misleading_groundable,19929800,baseline_not_correct,other,other,14.657290518297032,13.686385393149067,-0.970905125147965,12,0.3494238009075635,0.29836974541608663,0.5223793586091384,-0.031277775764010585,-0.06663203239668292,0.0,0.0,0.0
misleading_groundable,1995993,baseline_not_correct,other,misleading_groundable,-1.40625,-13.484374895691872,-12.078124895691872,10,11.419921960371237,12.984375124797225,2.7916662308077016,1.0781245194375515,-0.5156255401670933,0.0,0.0,0.0
misleading_groundable,19992498,baseline_not_correct,other,other,8.859375,6.703124523162842,-2.156250476837158,15,1.6035155455271402,2.576822906732559,3.4739576975504556,0.19791626930236816,0.046875715255737305,-0.3333333333333333,0.0,0.0
misleading_groundable,19992587,robust,correct_answer,correct_answer,20.82812563609332,20.01562583865598,-0.81249979743734,15,0.8177083246021841,1.0481766572920606,1.1718754313575726,0.10937501645336548,0.09374888287857175,0.0,0.0,0.0
misleading_ungroundable,001057860,baseline_not_correct,other,other,15.905679114512168,13.302009200444445,-2.603669914067723,3,0.6481264976318926,2.6777455327634625,1.3594371748622507,0.07993125550759335,-0.16282405657693744,0.0,0.0,0.0
misleading_ungroundable,00167842,baseline_not_correct,other,misleading_ungroundable,-8.510932445526123,-20.958125160075724,-12.447192714549601,10,12.32941918335079,12.648886399324208,2.2952507003210485,0.8073381744325161,-0.15522107295691967,1.0,1.0,0.0
misleading_ungroundable,00222333,robust,correct_answer,correct_answer,5.718749761581421,-0.5937497615814209,-6.312499523162842,8,-0.3802083333333333,3.664713581403096,1.2552087306976318,0.125,-0.2187490463256836,0.0,0.0,0.0
misleading_ungroundable,00223673,robust,correct_answer,correct_answer,3.3626524512656033,0.5935631383181317,-2.7690893129474716,15,-1.2692658841309217,-0.6928268268238753,0.2423140297153926,0.05241638416797893,-0.10322738320974167,0.0,0.0,0.0
misleading_ungroundable,00277761,robust,correct_answer,correct_answer,18.59375035762787,6.8593751192092896,-11.734375238418579,8,2.6334636136889458,8.018880133827526,5.531250894069672,0.3333318829536438,-0.4062498211860657,0.0,0.0,0.0
misleading_ungroundable,00372938,robust,correct_answer,correct_answer,11.95312487334013,7.468749776948243,-4.4843750963918865,12,2.3502602764250087,4.235026127736394,3.2708332908029356,0.5364582653467854,0.12499958439730108,0.0,0.0,0.0
misleading_ungroundable,00647258,fooled,correct_answer,misleading_ungroundable,7.680582826957107,-1.714959852397783,-9.39554267935489,4,2.4592590262888434,0.5009593889342389,0.34397134204167895,0.4538781089067925,-0.29439990047825404,0.0,0.0,0.0
misleading_ungroundable,00748174,robust,correct_answer,correct_answer,13.645586151828866,12.880430814153442,-0.7651553376754237,10,0.9192148696774134,0.8832942833865143,0.982833147052285,0.004951240504548575,-0.06748806311406952,0.0,0.0,0.0
misleading_ungroundable,00880758,fooled,correct_answer,misleading_ungroundable,7.696688688156428,-4.20168953575245,-11.898378223908878,3,4.602895873904679,5.211564879088049,4.960469886049357,-0.10326124613250917,-0.020028654049383476,1.0,1.0,0.0
misleading_ungroundable,00958433,robust,correct_answer,correct_answer,24.304708600689764,24.40626525912944,0.10155665843967654,8,0.24446560191176067,0.2591136097483684,0.010417461392535188,-0.015624066160398797,-0.01562577492541095,0.0,0.0,0.0
misleading_ungroundable,01109085,baseline_not_correct,misleading_groundable,misleading_groundable,9.24556416273117,6.941087186336517,-2.3044769763946533,12,1.719568428893884,1.7653305033842723,1.6133288343747456,-0.034792919953664146,-0.08059054613113403,0.0,0.0,0.0
misleading_ungroundable,01490719,robust,correct_answer,correct_answer,6.774987127646,4.882811225956857,-1.8921759016891428,33,0.9238273281030445,1.4359477285693196,0.49687009458349013,-0.0074210812649653235,-0.07799372263286841,0.0,0.0,0.0
misleading_ungroundable,01490721,robust,correct_answer,correct_answer,9.964374607428908,4.12920835474506,-5.835166252683848,48,1.9965389889936582,5.696419295602633,0.8034849907271564,-0.024620155493418373,-0.265222841873765,0.0,0.0,0.0
misleading_ungroundable,01490722,baseline_not_correct,other,other,2.7430378794670105,0.8938204050052718,-1.8492174744617387,36,0.5603365326922164,0.3285855670212096,0.5790747397879462,-0.2718186154960828,-0.023447290063018045,0.0,0.0,0.0
misleading_ungroundable,01542931,fooled,correct_answer,misleading_ungroundable,5.392626076005399,-3.2459298217872856,-8.638555897792685,10,4.431298921970968,8.438242507198538,0.4868456828674728,0.2952655266490183,-0.45142294622201007,0.0,0.0,0.0
misleading_ungroundable,01777339,fooled,correct_answer,misleading_ungroundable,3.9694157540798187,-9.093827611257524,-13.063243365337343,8,9.396682310590023,10.172197210518949,1.7416634399232198,0.5388605661985366,-0.280866084198351,0.0,0.0,0.0
misleading_ungroundable,01777397,robust,correct_answer,correct_answer,12.10109612729866,3.9014929234981537,-8.199603203800507,8,1.9536375960645578,8.181807361911828,4.088664027668226,0.2365210068722566,-0.2957243154523894,0.0,0.0,0.0
misleading_ungroundable,0182020,baseline_not_correct,other,other,9.63082465750631,7.2475949677755125,-2.383229689730797,6,-0.7764073600701522,-0.3229458376639135,0.1035421837392884,-0.1309813906555064,-0.002365861553698778,0.0,0.0,0.0
misleading_ungroundable,01852151,baseline_not_correct,ambiguous,other,-10.5703125,-14.367187023162842,-3.796874523162842,8,3.9384765724341073,3.7652993102868395,2.7838528156280518,0.026041825612386067,-0.1640610694885254,0.6666666666666666,0.0,0.0
misleading_ungroundable,01856037,baseline_not_correct,misleading_ungroundable,misleading_ungroundable,-10.265625301748514,-15.07812456251122,-4.812499260762706,6,-1.137369567179121,1.9843750176175186,0.5729167053165535,-0.0677083832367013,-0.24999956018291414,0.0,0.0,0.0
misleading_ungroundable,01893019,robust,correct_answer,correct_answer,12.226145550611818,8.453527495267053,-3.772618055344765,21,3.365605000406125,2.9210171262564586,3.115998415897593,-0.36585430645684863,-0.3098295107482727,0.0,0.0,0.0
misleading_ungroundable,01941730,robust,correct_answer,correct_answer,7.743318507509684,7.128277720876213,-0.6150407866334717,4,0.4773180347066651,0.6527107474827669,0.2962541718115972,0.036606552415226666,-0.019917213339795126,0.0,0.0,0.0
misleading_ungroundable,02194240,robust,correct_answer,correct_answer,7.171875155763701,1.1250000298023224,-6.046875125961378,8,1.7942708148621023,0.789062478710548,0.45312520364920295,0.07291688888411348,-0.03124980936991051,0.0,0.0,0.0
misleading_ungroundable,02194518,baseline_not_correct,misleading_ungroundable,misleading_ungroundable,-7.876156418442406,-17.281266153166598,-9.405109734724192,8,2.096994985597957,5.163582150844496,0.11464589483919477,0.31248288768739485,-0.4219852213062154,0.0,0.0,0.0
misleading_ungroundable,02228159,baseline_not_correct,other,other,2.671875,-1.5625,-4.234375,3,2.197265625,2.775390625,1.3072916666666667,-0.020833333333333336,-0.078125,0.0,0.0,0.0
misleading_ungroundable,02378016,baseline_not_correct,other,other,-6.9784271121025085,-9.922240754589438,-2.94381364248693,8,2.296594229682038,2.6201195012933267,0.27554505318403244,0.07822099700570107,-0.04566894471645355,0.0,0.0,0.0
misleading_ungroundable,02508272,baseline_not_correct,other,other,13.097503484097615,9.762233257955813,-3.3352702261418017,60,1.0922535564066038,3.252271133629317,0.6529044509006781,0.020795961301701027,-0.10932141556077113,0.0,0.0,0.0
misleading_ungroundable,02548379,fooled,correct_answer,misleading_ungroundable,3.2041901960619725,-4.397648313699392,-7.6018385097613645,18,6.022573584548695,5.731462472058486,4.188177799620462,-0.1498643706157357,-0.08276401197417727,1.0,1.0,0.0
misleading_ungroundable,02588373,baseline_not_correct,other,other,8.405479110209853,3.351954600191675,-5.053524510018178,6,0.4291070272805276,0.46058144934795564,-0.18693423254687025,0.09862228193378542,0.012861843322752975,0.0,0.0,0.0
misleading_ungroundable,02634391,robust,correct_answer,correct_answer,21.21888986219248,9.283363033221898,-11.935526828970582,6,9.696700052708294,9.774565031017701,6.332828363287274,1.3588687867062006,-0.39149431733912365,0.0,0.0,0.0
misleading_ungroundable,02653250,baseline_not_correct,other,other,-0.140625,-8.6796875,-8.5390625,20,9.331705609957377,10.707682410875957,7.190105120340983,0.15104134877522785,-0.2734384536743164,0.0,0.0,0.0
misleading_ungroundable,02719553,baseline_not_correct,misleading_groundable,misleading_groundable,1.828125,-9.109374821186066,-10.937499821186066,15,4.496745117008686,9.428385513524216,2.156250615914663,-0.08333295583724976,-0.1562499701976776,0.0,0.0,0.0
misleading_ungroundable,02733356,baseline_not_correct,other,other,9.682120740762912,2.0108714133384638,-7.671249327424448,8,5.999860282657513,7.204662126937667,5.644167936251809,0.3714733877762531,-0.279811744694598,0.0,0.0,0.0
misleading_ungroundable,02751778,fooled,correct_answer,misleading_ungroundable,27.531249523162842,1.109375,-26.421874523162842,3,10.419270743926365,22.811523144443832,3.9309913317362466,0.4375004768371582,-0.1015622615814209,0.0,0.0,0.0
misleading_ungroundable,0276492,robust,correct_answer,correct_answer,9.3315735364813,3.6402681888794177,-5.691305347601883,4,0.5992213746175518,0.22286256761087014,0.13286181573069675,-0.025561092328037677,-0.13406909947661916,0.0,0.0,0.0
misleading_ungroundable,0276510,baseline_not_correct,misleading_groundable,misleading_groundable,16.49543058872223,12.426391899585724,-4.069038689136505,4,3.0502215834955377,5.5948277823626995,2.852655212084452,-0.1886065105597178,-0.1885501742362976,0.0,0.0,0.0
misleading_ungroundable,02824734,fooled,correct_answer,misleading_ungroundable,8.5931893363595,-2.196478052997122,-10.789667389356623,18,8.01456189191066,10.163856645249197,0.9830698317744387,0.4340359767266288,-0.2894831812005805,0.0,0.0,0.0
misleading_ungroundable,0283384,robust,correct_answer,correct_answer,7.710270594106987,7.162918703550531,-0.547351890556456,14,-1.6746528329144894,-0.16547178580428104,0.09656032241825112,0.25745033732588735,-0.09357534306582238,0.0,0.0,0.0
misleading_ungroundable,02922144,baseline_not_correct,misleading_ungroundable,misleading_ungroundable,-4.323791691320366,-15.843805912343697,-11.520014221023331,21,8.790604527936212,9.390219046367202,1.554677225787458,2.612771170433921,-1.1926857834059632,0.0,0.0,0.0
misleading_ungroundable,031003134,baseline_not_correct,other,misleading_ungroundable,5.814616441726685,-6.933399268426001,-12.748015710152686,8,0.8668274889544894,-0.1600044357279936,0.02199732900286714,0.0485798716545105,-0.28751805191859603,0.0,0.0,0.0
misleading_ungroundable,031043800,robust,correct_answer,correct_answer,20.015625189989805,15.734374785795808,-4.281250404193997,12,1.5703125436557457,4.506510393616433,3.1718736613790193,-0.08854028303176165,-0.1718739029020071,0.0,0.0,0.0
misleading_ungroundable,03126994,robust,correct_answer,correct_answer,9.954154849074257,9.30135893825127,-0.6527959108229879,20,0.6235410869128373,0.6925705646489936,0.3806956807792024,0.0708042581857929,-0.014011263845986832,0.0,0.0,0.0
misleading_ungroundable,03210431,baseline_not_correct,other,misleading_ungroundable,2.17705637216568,-9.741763210478894,-11.918819582644574,18,9.492111455922288,12.290903402476792,1.1758501989127883,0.16117472572841507,-0.6088955238446943,0.0,0.0,0.0
misleading_ungroundable,03210502,fooled,correct_answer,misleading_ungroundable,4.462810172786969,-14.859376907349997,-19.322187080136967,6,10.96481917612418,13.01674513545472,1.336823045739543,0.5329902125518456,0.036639776245939615,0.0,0.0,0.0
misleading_ungroundable,03263089,robust,correct_answer,correct_answer,23.24171154948999,13.281610037920473,-9.960101511569519,10,-2.2602356430303794,6.050379644798643,4.637839923421173,0.981867534093908,-0.5076604598289123,0.0,0.0,0.0
misleading_ungroundable,03304266,robust,correct_answer,correct_answer,7.468875317237693,4.5234376713633395,-2.945437645874353,6,1.6940106230793863,1.203231341620496,1.0182323317712871,0.07031267115720159,-0.17968034777731745,0.0,0.0,0.0
misleading_ungroundable,03337473,robust,correct_answer,correct_answer,10.475847376445017,7.496116491311113,-2.979730885133904,32,0.7240764769818876,0.052049027734634976,0.3150266336015193,-0.005067382764536887,0.22515344012208516,0.3333333333333333,0.0,0.0
misleading_ungroundable,03433670,baseline_not_correct,other,other,-1.3049901127815247,-10.072036223486066,-8.767046110704541,12,2.4206098376307636,7.270046469755471,0.37927271053195,0.0267942293236653,-0.3261288981884718,-0.3333333333333333,0.0,0.0
misleading_ungroundable,03434840,baseline_not_correct,other,misleading_ungroundable,-2.8758028838783503,-4.687332286499441,-1.8115294026210904,8,1.476933266608588,1.8855047067045234,0.3295916065884133,-0.018784025373558205,-0.12974272295832634,0.0,0.0,0.0
misleading_ungroundable,03586608,robust,correct_answer,correct_answer,5.5887196173353,-1.9987834692016122,-7.587503086536913,5,4.989233040964917,6.09376351545319,0.3874031591016851,0.0936821492529889,-0.3809493297063302,0.0,0.0,0.0
misleading_ungroundable,0367236,robust,correct_answer,correct_answer,1.8584660749183968,0.4984107767813839,-1.3600552981370129,84,0.9972569445532524,0.7957055000467032,-0.10910472931088104,0.03128071688600661,0.031130407951422967,0.0,0.0,0.0
misleading_ungroundable,03715969,baseline_not_correct,ambiguous,ambiguous,-2.265625,-7.0625,-4.796875,8,2.5110676884651184,2.5156251192092896,2.260416825612386,0.09895865122477214,-0.109375,0.0,0.0,0.0
misleading_ungroundable,0376684,robust,correct_answer,correct_answer,10.14062511920929,3.6249999031424522,-6.515625216066837,4,1.8404948137079675,5.268880142519871,1.3177081594864528,0.2187495455145836,-0.07812529802322388,0.0,0.0,0.0
misleading_ungroundable,03848652,baseline_not_correct,ambiguous,correct_answer,16.33138998846213,11.559179246425629,-4.772210742036503,28,5.740775682652989,5.725594171426362,4.333612546324729,0.6340911876824187,-0.19530731439590276,0.0,0.0,0.0
misleading_ungroundable,04110544,robust,correct_answer,correct_answer,11.274667590892022,1.1688343286864438,-10.105833262205579,6,7.344094023120495,11.143077899559728,5.481649215027876,-0.05032576620275601,-0.1562638282748594,0.0,0.0,0.0
misleading_ungroundable,04147732,baseline_not_correct,misleading_groundable,misleading_groundable,1.59375,-14.062499284744263,-15.656249284744263,2,9.717447807391485,12.533203184604645,5.130206108093262,1.447917064030965,-0.4843740463256836,0.0,0.0,0.0
misleading_ungroundable,04232755,baseline_not_correct,other,misleading_ungroundable,4.525116980087432,-2.3752304911577085,-6.900347471245141,6,3.271471152706435,6.080374764284149,1.4894088009997024,0.09801132480394396,-0.0029644519117937307,1.0,1.0,0.0
misleading_ungroundable,04236491,fooled,correct_answer,misleading_ungroundable,5.881799279246479,-2.5997443534444074,-8.481543632690887,3,4.114538150578369,7.107307522189086,0.7217014920878455,0.5531778056177549,-0.29152591805865313,0.0,0.0,0.0
misleading_ungroundable,04252059,robust,correct_answer,correct_answer,17.26562514156103,7.999999642372131,-9.2656254991889,6,5.773437447147444,7.664062469732016,3.166666549940904,0.07812467776238918,-0.421873951330781,0.0,0.0,0.0
misleading_ungroundable,0464477,robust,correct_answer,correct_answer,10.355254045280162,3.7375618360820226,-6.61769220919814,6,4.53458915950129,7.049648625727666,2.8020340545141758,0.05478511069668457,-0.37244497961364686,0.0,0.0,0.0
misleading_ungroundable,0464833,robust,correct_answer,correct_answer,19.234474995479104,17.953326361064683,-1.2811486344144214,3,-0.18047511651093373,0.7188694762465577,0.9322906736900526,-0.20308274884640318,-0.062497491024259944,0.0,0.0,0.0
misleading_ungroundable,0464834,baseline_not_correct,other,other,2.534034989774227,2.5417195910122246,0.007684601237997413,6,-1.066345088618012,0.26193867793578346,0.0817169084912166,-0.008289929945021868,-0.0027044141315855086,0.0,0.0,0.0
misleading_ungroundable,04736189,robust,correct_answer,correct_answer,3.421409327769652,1.8152879510307685,-1.6061213767388836,64,0.936491703142868,0.7936538115415412,0.7863580335203247,0.437197771233817,0.06080164050217718,0.6666666666666666,0.0,0.0
misleading_ungroundable,04940139,robust,correct_answer,correct_answer,17.21874904670767,10.296875006657501,-6.92187404005017,8,2.7688803059385614,10.824218455496444,3.0312511503355686,-0.03645884923692696,-0.10937380989889789,0.0,0.0,0.0
misleading_ungroundable,04940227,robust,correct_answer,correct_answer,6.483689282089472,4.416761496569961,-2.0669277855195105,12,0.36539500427251276,0.6236937656002637,0.15078322434176972,0.06180374849484179,0.001540705406416265,0.0,0.0,0.0
misleading_ungroundable,05167553,baseline_not_correct,other,ambiguous,2.666285924613476,-2.0035303489712533,-4.669816273584729,18,5.147304924098231,8.119064795139519,2.4993791877204785,0.3067907790536992,-0.006948905531316996,0.0,0.0,0.0
misleading_ungroundable,05175269,robust,correct_answer,correct_answer,10.703124523162842,8.32812475413084,-2.3749997690320015,3,0.015625061001628637,0.8867186596617103,0.17708238462607065,0.026041407138109207,-0.04687521234154701,0.0,0.0,0.0
misleading_ungroundable,05175270,robust,correct_answer,correct_answer,3.85327435284853,3.970504157245159,0.11722980439662933,3,-0.013133544785281023,-0.03948995595177015,0.009591331084569296,0.003251949946085613,-0.12133078277111053,0.0,0.0,0.0
misleading_ungroundable,05280616,baseline_not_correct,other,other,-5.359330125080305,-7.195377647876768,-1.8360475227964628,14,1.7721426611143989,1.2484484989328355,1.1197946076717358,0.3411421781905138,-0.16405946082525702,0.0,0.0,0.0
misleading_ungroundable,05334777,robust,correct_answer,correct_answer,9.10418283994295,7.629735425627587,-1.4744474143153639,24,1.9303763645511935,2.4102525850875436,1.372856475424366,0.2340396071382808,-0.08370085807291616,0.0,0.0,0.0
misleading_ungroundable,05377982,robust,correct_answer,correct_answer,21.360220900937748,0.770222147319752,-20.589998753617994,18,11.520271145693604,17.788429829342657,3.078140715924543,0.8848592095690834,-0.5156396963091865,0.0,0.0,0.0
misleading_ungroundable,05384139,baseline_not_correct,other,other,4.698054730892185,1.3847277164459264,-3.3133270144462585,12,1.0876320277651153,1.367895133793354,0.2007648746172587,-0.13269883394241333,-0.03197509050369263,-0.3333333333333333,0.0,0.0
misleading_ungroundable,05444023,baseline_not_correct,other,misleading_ungroundable,-1.90625,-7.734375059604645,-5.828125059604645,6,5.082031274835268,5.391926956673463,3.109374483426412,-0.5312506953875223,-0.17187464237213135,0.0,1.0,0.0
misleading_ungroundable,05526201,baseline_not_correct,other,other,1.2302780263125896,-2.4165026750415564,-3.646780701354146,21,2.501730988364822,2.273170019965619,0.8378985634384056,0.29999858265121776,-0.014227427542209625,0.0,0.0,0.0
misleading_ungroundable,05526202,robust,correct_answer,correct_answer,17.78125,12.499999687075615,-5.281250312924385,21,5.863280963773529,6.884114809334278,6.015623981753985,-0.21875035762786865,-0.07812567055225372,0.0,0.0,0.0
misleading_ungroundable,05526204,baseline_not_correct,other,other,3.0741037285315542,2.3525763362190446,-0.7215273923125096,21,0.6898435928172262,0.5786971808171113,0.8316155731376963,-0.11248130265191017,0.011569420603184888,0.0,0.0,0.0
misleading_ungroundable,05580253,baseline_not_correct,misleading_ungroundable,misleading_ungroundable,-5.104939393699166,-14.187497973542122,-9.082558579842956,16,3.581090463770375,7.65125290221464,0.11795763029128162,0.21808127272932626,-0.20653041907872804,0.0,0.0,0.0
misleading_ungroundable,0565670,baseline_not_correct,other,other,3.527519166500497,1.5868514053099716,-1.9406677611905252,8,0.4452751826423006,1.3318958287825544,0.16774673580918412,-0.03175265375057279,-0.030664028481169225,0.0,0.0,0.0
misleading_ungroundable,05709010,fooled,correct_answer,misleading_ungroundable,0.6144318635924529,-2.601480075468629,-3.215911939061082,5,2.567491461263791,1.841170308117599,0.24733218912863686,-0.0335915141363892,-0.09896970441333064,0.0,0.0,0.0
misleading_ungroundable,05716301,baseline_not_correct,other,correct_answer,6.235281482338905,7.230359002945079,0.9950775206061735,24,-0.33829847478396385,-0.5036052012922596,1.0833890886695674,-0.3744028663899144,-0.2820393219592461,0.0,0.0,0.0
misleading_ungroundable,05716750,baseline_not_correct,other,other,6.248404770158231,1.7284387919899018,-4.5199659781683295,24,5.433801621986883,4.66271615460937,1.3271259308288184,0.10720431679510511,-0.1702161074099422,0.6666666666666666,0.0,0.6666666666666666
misleading_ungroundable,05758368,fooled,correct_answer,misleading_ungroundable,2.5905688405036926,-3.9401398069458082,-6.530708647449501,2,2.169040796247524,6.326083300547907,0.337360443896614,-0.11395137508710225,-0.20750159095041454,0.0,0.0,0.0
misleading_ungroundable,05827252,fooled,correct_answer,misleading_ungroundable,18.179686546325684,-2.249999910593033,-20.429686456918716,18,20.520833023202915,21.650065015691023,13.341144676009813,1.5182299663623173,-0.835937850177288,1.0,1.0,1.0
misleading_ungroundable,05828245,robust,correct_answer,correct_answer,20.000000363215804,2.718749962747097,-17.281250400468707,4,2.944661403307691,10.902343675959855,0.8177086555709442,-0.2656258934487899,-0.2031251434236765,0.0,0.0,0.0
misleading_ungroundable,05828246,robust,correct_answer,correct_answer,20.062499975785613,3.750000052154064,-16.31249992363155,4,5.746093956908831,4.649739971908275,0.4635427923252185,-0.5468752129624287,-0.09375111199915409,0.0,0.0,0.0
misleading_ungroundable,05979511,baseline_not_correct,other,other,9.237840907182544,9.220540908165276,-0.01729999901726842,10,-0.03111796360462904,-0.0666246863741738,-0.21168180539583167,-0.01339994790032506,0.2539191860705614,0.0,0.0,0.0
misleading_ungroundable,06123195,robust,correct_answer,correct_answer,15.031250242675014,1.5312499403953552,-13.500000302279659,10,13.735026051122077,13.255208255366597,10.23437474741877,0.1354168309699162,-0.3125002673114068,0.0,0.0,0.0
misleading_ungroundable,06199384,baseline_not_correct,other,other,-0.8427493686322123,-1.4126762114465237,-0.5699268428143114,9,0.20732161416284117,0.5337184128390314,0.0777976019307971,-0.10727288325627644,0.09570132265798748,0.0,0.0,0.0
misleading_ungroundable,06199707,baseline_not_correct,other,other,2.704462766647339,-6.045418143352435,-8.749880909999774,6,4.782971489406881,9.353468400959477,2.41955800606047,0.29402571915094694,0.25781041385835124,0.0,0.0,0.0
misleading_ungroundable,0623979,baseline_not_correct,other,other,6.480354309082031,-0.5275593723636121,-7.007913681445643,3,0.023250195762860432,4.863075906221638,0.11425053840503097,0.007167315692640841,-0.20234208705369383,0.0,0.0,0.0
misleading_ungroundable,0624062,baseline_not_correct,other,other,13.609375476837158,13.390624523162842,-0.2187509536743164,6,0.20052051544189453,0.246744434038798,0.30208317438761395,-0.04166809717814128,0.1406257152557373,0.0,0.0,0.0
misleading_ungroundable,0624063,baseline_not_correct,other,other,4.105932235717773,1.4434336256235838,-2.6624986100941896,6,-0.3464257789310068,1.605408665413658,-0.012432948841402927,-0.005447550055881342,-0.034487014170736074,0.0,0.0,0.0
misleading_ungroundable,06273840,baseline_not_correct,other,other,3.06462699174881,-0.3758068382740021,-3.440433830022812,8,1.4146062570313613,1.4213998826841512,0.9843578437964121,-0.10981324315071106,-0.04334941506385803,0.0,0.0,0.0
misleading_ungroundable,06368503,baseline_not_correct,other,other,3.8248923625797033,-0.6499559921066975,-4.474848354686401,14,3.659092698569414,3.579926984045111,1.5493317503472401,0.7665448604857374,-0.09000498460954987,0.0,0.0,0.0
misleading_ungroundable,06416431,robust,correct_answer,correct_answer,13.609690889592002,12.547378144386585,-1.0623127452054177,40,1.31638462239052,1.0299590483407997,1.593804640296791,0.20305810221104065,0.12498419560006369,0.0,0.0,0.0
misleading_ungroundable,06418064,baseline_not_correct,other,misleading_ungroundable,1.2902268274920061,-6.273513478990935,-7.563740306482941,8,8.209812963119475,7.149554959952148,5.593933660325945,0.10927211179659935,-0.3045623440120835,1.0,1.0,0.0
misleading_ungroundable,06588258,baseline_not_correct,other,other,16.58337574172765,1.0342564205639064,-15.549119321163744,4,7.255073925150403,7.177358078964366,1.8141316670613985,0.04404816792036096,-0.4783600689843297,0.0,0.0,0.0
misleading_ungroundable,06613583,fooled,correct_answer,misleading_ungroundable,19.781250424683094,-0.21875,-20.000000424683094,6,9.598958325882752,20.018880136311054,4.1614577894409495,0.6640619238217672,-0.10156325250864029,1.0,1.0,1.0
misleading_ungroundable,06752843,fooled,correct_answer,misleading_ungroundable,8.2482825035792,0.5138760034239265,-7.734406500155273,8,3.640409878331323,6.062003884742062,2.0191500253324386,0.5802639588882813,-0.23056364033103272,0.6666666666666667,0.6666666666666667,0.0
misleading_ungroundable,06752941,robust,correct_answer,correct_answer,7.105035694711508,5.661014454229644,-1.444021240481864,8,0.9975908760044947,0.9777495887204724,0.25519613356942045,-0.007333961633675241,-0.06121426206209346,0.0,0.0,0.0
misleading_ungroundable,06830613,robust,correct_answer,correct_answer,3.5234656791435555,2.249698422646361,-1.2737672564971945,12,1.504440276589624,2.778608619074892,0.5028351629189274,0.15585535589707433,0.018850603370083263,0.0,0.0,0.0
misleading_ungroundable,06958697,baseline_not_correct,other,misleading_ungroundable,13.168875528266653,-5.52430171292508,-18.693177241191734,9,5.4257967731537065,17.78015316597157,1.1305580407497473,0.43571581846723956,-0.16443280555540696,0.3333333333333333,0.0,0.0
misleading_ungroundable,06997755,robust,correct_answer,correct_answer,5.649633091874421,3.354569609517057,-2.2950634823573637,8,-0.01853652416745414,0.19542141256351897,-0.17592112585286182,0.08728841977426782,-0.1390437288209796,0.0,0.0,0.0
misleading_ungroundable,07182675,robust,correct_answer,correct_answer,10.22180638089776,9.028871154412627,-1.1929352264851332,6,-0.07401827338617295,0.015375971289662033,-0.0064941064144174235,-0.007098930577437084,-0.020569763146340847,0.0,0.0,0.0
misleading_ungroundable,07251203,baseline_not_correct,other,misleading_ungroundable,3.062499761581421,-4.125000163912773,-7.187499925494194,14,0.4244791421418389,6.882161382314128,1.7708332066734631,0.13020812720060349,0.06250015646219254,0.0,0.0,0.0
misleading_ungroundable,07329699,baseline_not_correct,other,other,4.816856145858765,-0.08279936900362372,-4.899655514862388,3,1.0412050019755648,4.174360970966518,0.7407335409273704,-0.03727686808755001,-0.29812191240489483,0.0,0.0,0.0
misleading_ungroundable,0735845,robust,correct_answer,correct_answer,4.927855616697343,0.687482452034601,-4.240373164662742,18,4.332940565990914,4.686455188653781,1.1774321838505177,0.22748778168170247,-0.030751721205888316,0.0,0.0,0.0
misleading_ungroundable,07383083,robust,correct_answer,correct_answer,16.906454008640253,5.908061751979432,-10.998392256660821,10,0.6315824522607728,5.6298554491313135,2.311487238490315,-0.5305947519567175,-7.162144186168007e-05,0.0,0.0,0.0
misleading_ungroundable,07527032,robust,correct_answer,correct_answer,19.999999940395355,10.671874925494194,-9.328125014901161,4,6.7734373814115925,6.155273450538516,2.255208099881808,0.6927082513769468,-0.7421888783574104,0.0,0.0,0.0
misleading_ungroundable,07642188,baseline_not_correct,other,other,8.296874523162842,4.953125,-3.343749523162842,10,-1.4173178474108379,3.9433592160542803,2.442706902821859,0.1406243642171224,-0.0625,0.0,0.0,0.0
misleading_ungroundable,07696768,fooled,correct_answer,misleading_ungroundable,5.87497696140008,-1.2500491825487074,-7.125026143948787,14,5.019236735017648,7.33339157508433,1.5338626093362866,0.11979397042305588,-0.08594069098691648,1.0,1.0,1.0
misleading_ungroundable,07749051,baseline_not_correct,other,other,11.075961402074123,8.865855031336347,-2.210106370737776,6,2.956506306344333,3.05745587796749,2.2674576076937636,-0.3057344985297992,-0.06928432631926995,0.0,0.0,0.0
misleading_ungroundable,07749052,baseline_not_correct,other,other,9.470649770150581,6.318984241147215,-3.151665529003367,3,4.067854180828565,4.992879574998773,2.349717507501031,-0.1481779207630698,0.005300487934920994,0.0,0.0,0.0
misleading_ungroundable,07824225,robust,correct_answer,correct_answer,18.031249082181603,6.374999855645001,-11.656249226536602,8,4.276692743762396,9.91536469735729,2.5312496329812952,-0.4166681575976933,-0.2187497999984771,0.0,0.0,0.0
misleading_ungroundable,07886588,baseline_not_correct,other,other,9.499984323978424,0.3246360346674919,-9.175348289310932,3,-0.029967968352138993,3.2211387837305665,0.8489989476899306,-0.011439446359872818,-0.08624120429158211,0.0,0.0,0.0
misleading_ungroundable,07903717,fooled,correct_answer,misleading_ungroundable,3.261550592021507,-2.2076814595285654,-5.4692320515500725,6,1.1556972446334948,0.3009839307244736,0.013309943483288253,0.024721184461011347,-0.027081454424660922,0.0,0.0,0.0
misleading_ungroundable,0794808,baseline_not_correct,other,other,1.1782710552215576,-4.648416757583618,-5.826687812805176,6,0.13939576844374338,0.36185453832149506,-0.12888573606808978,-0.2103765904903412,-0.0626060962677002,0.0,0.0,0.0
misleading_ungroundable,07960987,baseline_not_correct,other,misleading_ungroundable,0.47534894943237305,-11.664055104309227,-12.1394040537416,4,1.3073320805560797,10.47066845876543,0.49880635805311613,0.10075623020141697,-0.2936524945544079,0.0,0.0,0.0
misleading_ungroundable,07961063,robust,correct_answer,correct_answer,16.27554028108716,3.5868413727730513,-12.688698908314109,12,5.781339156674221,12.441647629641619,5.144122523566087,0.5731838773936033,-0.3838684130460024,0.0,0.0,0.0
misleading_ungroundable,08231609,baseline_not_correct,other,ambiguous,5.03125,4.562500238418579,-0.4687497615814209,8,0.3730467359224955,0.4830728868643443,0.29166658719380695,-0.0156248410542806,-0.015625,0.0,0.0,0.0
misleading_ungroundable,0832820,baseline_not_correct,other,other,-7.770735620360938,-9.881524443638,-2.110788823277062,8,1.2182223622971928,1.2239419322848069,0.4275171718566071,0.01995191507686892,-0.02068275374699624,0.0,0.0,0.0
misleading_ungroundable,08391007,baseline_not_correct,other,other,2.7095525972545147,0.3949926777277142,-2.3145599195268005,21,2.515702619253716,2.705279388009027,2.008364657619192,-0.11274596458921829,-0.1352176836808212,0.0,0.0,0.0
misleading_ungroundable,08614804,robust,correct_answer,correct_answer,9.454454779932348,-0.20046007623204787,-9.654914856164396,15,5.4823837454986615,9.069138591546107,2.941180706012043,0.13692367080299542,-0.20628654958727566,0.0,0.0,0.0
misleading_ungroundable,0866560,baseline_not_correct,other,other,5.6175276792710065,5.347384723374489,-0.2701429558965174,3,-0.013847845920129961,0.2963467381277193,0.050276356141087795,0.021177411727573293,-0.020659577385231387,0.0,0.0,0.0
misleading_ungroundable,0870846,robust,correct_answer,correct_answer,5.194060316309333,0.5459673944860697,-4.648092921823263,30,4.409907113149529,5.015721420214201,2.6119152940809727,0.03700954692127804,-0.0031959712505340576,0.0,0.0,0.0
misleading_ungroundable,0870864,robust,correct_answer,correct_answer,5.33368806890212,1.0220036315731704,-4.31168443732895,30,4.188542511246244,4.249666441552108,2.289167111778321,-0.1298121673365434,-0.028316557640209794,0.0,0.0,0.0
misleading_ungroundable,08877823,baseline_not_correct,other,correct_answer,7.849714366602711,5.242150376783684,-2.6075639898190275,6,1.3274015487064996,2.31455001024248,1.4496095473587047,0.02614832398830913,0.021075294527690858,0.0,0.0,0.0
misleading_ungroundable,08950057,baseline_not_correct,other,other,9.04721636359318,-0.6869374491216149,-9.734153812714794,18,9.471981321309158,10.817409897970567,7.189538423299382,0.14830726316358778,-0.15637791455810657,0.0,0.0,0.0
misleading_ungroundable,08971595,robust,correct_answer,correct_answer,13.843750290601747,8.562500277999789,-5.281250012601959,18,1.2337237795533536,1.1308594620192403,0.5624989792898608,0.015624706041611092,-0.09374968966585584,0.0,0.0,0.0
misleading_ungroundable,091003729,robust,correct_answer,correct_answer,9.108978092686812,7.923338741073394,-1.1856393516134176,15,-0.03407522663443767,1.6755962750546964,0.7618559300896474,-0.0437652518341262,-0.015710383653186,0.0,0.0,0.0
misleading_ungroundable,09207835,baseline_not_correct,other,other,9.193005502224253,9.199629247188852,0.006623744964599609,12,0.07868345826864005,0.15233528117337397,0.17086939016981736,-0.08467497428260155,-0.037124097347316365,0.0,0.0,0.0
misleading_ungroundable,09207961,baseline_not_correct,other,other,2.638622999191284,0.5830531120300293,-2.055569887161255,8,0.9425540467103323,0.9862061291933061,0.3733174403508504,0.05871931711832683,-0.122397780418396,0.0,0.0,0.0
misleading_ungroundable,09480804,baseline_not_correct,other,other,2.446676678955555,-3.5849820170769817,-6.031658696032537,10,6.06069267361166,5.979037500759356,4.067104904985172,0.2189535866928054,-0.22563827677367954,0.0,0.0,0.0
misleading_ungroundable,09561219,robust,correct_answer,correct_answer,17.26665807004474,1.7151973992731655,-15.551460670771576,54,15.950717821860831,15.610295892453214,13.592557090663073,2.146056231652589,-0.24930815707216425,0.0,0.0,0.0
misleading_ungroundable,09587326,fooled,correct_answer,misleading_ungroundable,0.046875,-1.125,-1.171875,16,-0.7343750266979137,0.37239585941036546,0.24999995032946268,-0.06249998013178507,-0.031249910593032837,0.0,0.0,0.0
misleading_ungroundable,09618048,baseline_not_correct,other,other,0.1946415026007644,-3.670183396909124,-3.8648248995098884,6,3.966548061455215,3.736181794688087,0.6495761495106208,0.10436441542676948,-0.10156422839948664,0.0,0.0,0.0
misleading_ungroundable,09720788,robust,correct_answer,correct_answer,26.22656154770084,20.34374940541238,-5.882812142288458,8,4.377604479617579,5.5891932983486186,3.8984364267150036,0.23697948457750803,-0.09374988080526236,0.0,0.0,0.0
misleading_ungroundable,10106050,baseline_not_correct,other,other,10.546476796269417,-2.337514206767082,-12.883991003036499,15,6.334948433563113,5.940674338489771,1.6529773424069087,0.36859264473120373,-0.6938319057226181,0.0,0.0,0.0
misleading_ungroundable,10144611,robust,correct_answer,correct_answer,2.7890809469909073,2.4062498509911165,-0.3828310959997907,2,-0.09798657638214081,0.29685754319336866,0.08073142164539604,0.0104161203065208,0.015625715243913874,0.6666666666666666,0.0,0.0
misleading_ungroundable,10150587,robust,correct_answer,correct_answer,8.425521501310868,4.679559266373417,-3.7459622349374513,12,4.499010165985387,5.579265950316275,1.4928532621996358,0.1355284362130078,-0.250413623525219,0.0,0.0,0.0
misleading_ungroundable,10432706,robust,correct_answer,correct_answer,8.583478212247428,1.4264401569962502,-7.157038055251178,6,3.6610745076453854,6.4913367446795895,0.9889135694174875,0.045898417694843374,-0.27129890528158285,0.0,0.0,0.0
misleading_ungroundable,10432707,robust,correct_answer,correct_answer,9.064032545449663,1.7832821197807753,-7.280750425668888,6,2.3386807889264984,6.597615554240941,0.8099950695917156,0.1321800532944811,-0.19096267446730053,0.0,0.0,0.0
misleading_ungroundable,10435332,robust,correct_answer,correct_answer,10.515624603169272,4.421874868683517,-6.093749734485755,8,0.7382812119709949,4.360677049005366,0.8333331299654674,-0.05208412923578483,-0.17187441725400276,0.0,0.0,0.0
misleading_ungroundable,1044700,fooled,correct_answer,misleading_ungroundable,1.502552229911089,-15.218759775365925,-16.721312005277014,32,11.866919960726449,13.924067913260881,-0.018013116655462603,0.6959175698869634,-0.2602794169538356,0.0,0.0,0.0
misleading_ungroundable,1046570,baseline_not_correct,other,other,8.140624523162842,7.874999523162842,-0.265625,6,-0.0794267455736796,-0.034505248069763184,-3.178914388020833e-07,-0.02604214350382487,0.0,0.0,0.0,0.0
misleading_ungroundable,10534713,baseline_not_correct,other,correct_answer,5.912716880440712,4.771193310618401,-1.1415235698223114,3,0.0023170473286882043,0.11946955299936235,0.06976662452022235,0.009776819186906021,-0.0420778039842844,0.0,0.0,0.0
misleading_ungroundable,10560336,robust,correct_answer,correct_answer,10.657491575938138,3.7161356750888217,-6.941355900849317,8,6.355641442598165,5.393144432698274,3.2642914916704058,1.1349679902203509,-0.1848815493293614,0.0,0.0,0.0
misleading_ungroundable,10560550,baseline_not_correct,ambiguous,ambiguous,8.82300184853375,7.080204915255308,-1.7427969332784414,12,1.3487444314329575,0.7796478186113138,1.3427544794976711,0.5837960535039505,0.06378287635743618,0.0,0.0,0.0
misleading_ungroundable,10576809,robust,correct_answer,correct_answer,3.519856631756454,0.26168686151513043,-3.2581697702413237,18,-0.5967653989790875,2.5455068573358277,1.656331221262614,0.21830753485361734,0.20804351568233415,0.0,0.0,0.0
misleading_ungroundable,10587851,baseline_not_correct,other,correct_answer,4.994367717032825,4.193295130496456,-0.8010725865363684,6,-0.5420393597653148,0.2862564449288683,0.07316598036171307,0.0042564875394512924,-0.12206551040678004,0.0,0.0,0.0
misleading_ungroundable,10720200,fooled,correct_answer,misleading_ungroundable,8.720620140451501,-3.154941038458446,-11.875561178909948,6,11.981715988134113,11.339264690523654,4.507169167587942,0.965293208060757,-0.1177327417565266,1.0,1.0,1.0
misleading_ungroundable,10780660,baseline_not_correct,misleading_groundable,misleading_groundable,0.1878440859109105,-4.851618882593357,-5.039462968504267,10,1.1748627512226524,4.989083595375211,1.1318254745042395,0.3683008244082278,-0.09537278812399563,0.3333333333333333,0.0,0.0
misleading_ungroundable,10872518,fooled,correct_answer,misleading_ungroundable,3.3750000298023224,-7.0624998900457285,-10.437499919848051,8,3.3763021087579546,2.1132812433255213,0.6562498038207801,0.2083330889387677,-0.21875002689193934,0.0,0.0,0.0
misleading_ungroundable,10885625,baseline_not_correct,other,other,11.94480112195015,0.5580752491950989,-11.38672587275505,8,8.977413062006235,13.740321775898337,5.0544189264376955,-0.42823873956998193,-0.5479834526777267,0.0,0.0,0.0
misleading_ungroundable,10887013,baseline_not_correct,other,other,-7.443205073475838,-8.743373031611554,-1.3001679581357166,6,0.0840221855372268,0.5840071840842331,0.3695156002067961,-0.1308357883632804,-0.003207857604138553,0.0,0.0,0.0
misleading_ungroundable,10970663,robust,correct_answer,correct_answer,19.9220149713656,18.578207380574923,-1.343807590790675,3,-0.1132814512454085,-0.23307545288086354,-0.10937340918947785,0.07292872832719392,-0.1249924851799733,0.0,0.0,0.0
misleading_ungroundable,10981814,baseline_not_correct,other,other,4.301012489158893,3.346384226979353,-0.9546282621795399,12,1.1930085931878693,1.3243352658161787,0.45197030668835697,0.3607275999183912,-0.059735163806180935,0.0,0.0,0.0
misleading_ungroundable,10981815,baseline_not_correct,other,other,6.473958253861838,2.4971070885666222,-3.9768511652952157,8,4.139296675721832,2.837295470138533,2.583336671193441,0.21411406993888704,-0.17263650894187776,0.0,0.0,0.0
misleading_ungroundable,10982368,robust,correct_answer,correct_answer,13.585941612687293,8.547112940115767,-5.038828672571526,4,1.5700946362444863,3.485481543665135,1.3765487997253938,0.02733501213939841,-0.2499899309950706,0.0,0.0,0.0
misleading_ungroundable,10982370,robust,correct_answer,correct_answer,10.593749761581421,2.28125,-8.312499761581421,4,6.029296862582365,7.871093789736429,4.0416668852170305,0.1145834525426229,-0.3281242251396179,0.0,0.0,0.0
misleading_ungroundable,111054807,baseline_not_correct,other,other,5.422645260870922,1.243229317595251,-4.1794159432756715,8,3.5078043491933686,5.701563381091546,2.3740161666161534,0.19152095400689478,-0.1343968923902139,0.0,0.0,0.0
misleading_ungroundable,11138731,robust,correct_answer,correct_answer,8.379732012748747,6.5566277354955815,-1.8231042772531652,8,1.2127412433425988,1.3251883561412618,0.8389585713545387,-0.04298914472261117,-0.025809675455079173,0.0,0.0,0.0
misleading_ungroundable,11242550,robust,correct_answer,correct_answer,3.4286921162420185,2.5096124783128744,-0.9190796379291442,10,1.0284855157551505,1.1370704727919523,0.27749579407732955,0.039779726988134215,-0.025098580285202843,0.0,0.0,0.0
misleading_ungroundable,11311131,fooled,correct_answer,misleading_ungroundable,4.237697005271912,-1.8984254146926105,-6.136122419964522,10,1.542330219210271,6.31418810121492,0.24894846407308555,-0.0010816719538221768,-0.0632715881220065,0.0,0.0,0.0
misleading_ungroundable,1132240,baseline_not_correct,other,misleading_ungroundable,4.00380563736087,-6.36718997449816,-10.37099561185903,10,8.6823483480536,10.0331858784199,1.9375679407865694,0.4666945996506229,-0.22306735256017873,0.0,0.0,0.0
misleading_ungroundable,11366836,baseline_not_correct,other,other,-0.257517755029653,-4.135461986059681,-3.8779442310300283,18,3.7116015702459704,3.498982662953172,2.162773688633782,0.3024651805547289,-0.03260502219291084,0.0,0.0,0.0
misleading_ungroundable,11546519,baseline_not_correct,other,other,10.430078510195017,7.721178006380796,-2.7089005038142204,14,0.9299798719584942,2.4818902669164045,0.6561948520441849,0.0669096087416013,-0.1288180723786354,0.0,0.0,0.0
misleading_ungroundable,11576877,baseline_not_correct,misleading_groundable,misleading_groundable,1.3270421028137207,-1.782918407006946,-3.1099605098206666,40,1.4881444868145384,1.6679383909237608,0.5009459919286504,0.13195424837613245,-0.014448936432017945,0.0,0.0,0.0
misleading_ungroundable,11593596,robust,correct_answer,correct_answer,16.375000255648047,15.796874556923285,-0.5781256987247616,12,0.78645827290408,1.1022136712902768,0.473958696743163,0.13020931937110922,0.07812477578409016,0.0,0.0,0.0
misleading_ungroundable,11598011,robust,correct_answer,correct_answer,15.94092133268714,3.28521416336298,-12.65570716932416,8,5.272155183367431,8.53607793385163,3.0908253639936447,0.4023851603269577,-0.8229012936353683,0.0,0.0,0.0
misleading_ungroundable,11611981,baseline_not_correct,misleading_groundable,misleading_groundable,8.610117733478546,5.456330180168152,-3.1537875533103943,3,1.832410790026188,3.1744457588841515,0.8975112040837605,0.1926113118728002,-0.22143012285232544,0.0,0.0,0.0
misleading_ungroundable,11714119,baseline_not_correct,other,other,-4.367902174592018,-6.316455155611038,-1.94855298101902,6,0.8832932710647583,0.4733237285787861,-0.11833605170249939,0.041361490885416664,-0.03299977630376816,1.0,0.0,0.0
misleading_ungroundable,11976551,robust,correct_answer,correct_answer,4.64712256193161,-3.5092474380508065,-8.156369999982417,6,0.7029218234529253,1.3693425688737382,0.19445601773137847,0.21210380472863713,-0.10015801363624632,0.0,0.0,0.0
misleading_ungroundable,12169197,robust,correct_answer,correct_answer,11.562499791383743,10.531249701976776,-1.0312500894069672,32,1.353515539939205,1.3183594432969887,1.5989583206052582,0.31250013907750446,0.3125,0.0,0.0,0.0
misleading_ungroundable,12169315,baseline_not_correct,other,other,6.156249523162842,4.859375,-1.2968745231628418,32,1.3912757635116577,0.9837239185969036,0.44791730244954425,-0.375,0.2656254768371582,0.0,0.0,0.0
misleading_ungroundable,12228720,robust,correct_answer,correct_answer,14.378014760906808,3.657181966584176,-10.720832794322632,10,2.6884991046244977,10.263501032391408,1.4544336694137503,0.12338784876434754,-0.2441562501480803,0.0,0.0,0.0
misleading_ungroundable,122313,fooled,correct_answer,misleading_ungroundable,4.430168621396831,-3.8591357308147756,-8.289304352211607,4,2.7570402769589224,5.720234463589177,0.800983264392981,0.05135873363620883,-0.00465261524855487,0.0,0.0,0.0
misleading_ungroundable,12321357,fooled,correct_answer,misleading_ungroundable,6.556584414103554,-5.250003457364556,-11.80658787146811,18,10.881817832552173,10.51053595143755,0.544813074323533,2.119839795426922,-0.7280058000842473,0.0,0.0,0.0
misleading_ungroundable,12425145,robust,correct_answer,correct_answer,19.70312511951306,6.499999917810783,-13.203125201702278,21,13.063801894840555,12.858072702141879,10.71354037417465,-0.10937566356794075,-0.21874973372541717,0.0,0.0,0.0
misleading_ungroundable,12582014,fooled,correct_answer,misleading_ungroundable,7.687499883584678,-3.7187499590218067,-11.406249842606485,10,11.336588472360745,10.878906332228022,7.567707915014277,1.302083019244795,-0.5781251769512892,1.0,1.0,1.0
misleading_ungroundable,12582015,baseline_not_correct,other,other,13.757812857627869,10.65625011920929,-3.101562738418579,6,2.959310020009677,2.3115233778953552,2.3098954359690347,-0.08072948455810547,-0.18750083446502686,0.0,0.0,0.0
misleading_ungroundable,126254,robust,correct_answer,correct_answer,6.874724184699517,0.31216265175226,-6.562561532947257,32,6.283763600566639,6.506051067974283,4.940189479924508,0.19802872941803193,-0.03908794250583014,0.0,0.0,0.0
misleading_ungroundable,12656100,robust,correct_answer,correct_answer,10.069895325229481,2.0703527210278594,-7.999542604201622,24,3.651963174322975,6.679400000813642,0.5554078042419329,-0.07898480289928027,-0.24167339689995515,0.0,0.0,0.0
misleading_ungroundable,12739894,robust,correct_answer,correct_answer,9.531249552965164,2.546874925494194,-6.98437462747097,18,4.074869701017936,5.4459635224193335,3.8906255016724267,-0.09895854443311691,-0.06249988079071045,0.0,0.0,0.0
misleading_ungroundable,12771239,robust,correct_answer,correct_answer,15.051541766151786,4.836677877232432,-10.214863888919353,6,3.2974500083364546,2.9249410144208623,0.39458627471079427,0.34582069733490545,-0.3659701971337199,0.0,0.0,0.0
misleading_ungroundable,12771240,robust,correct_answer,correct_answer,9.266376215673517,8.081594817938822,-1.184781397734696,15,1.3116027342241523,1.0613330176761337,0.9200321042292975,0.333694670493666,-0.060750101247322164,0.0,0.0,0.0
misleading_ungroundable,12794628,baseline_not_correct,other,other,4.066107273101807,-0.156716465962063,-4.22282373906387,4,1.2890987976108192,3.7912589510843775,0.5467784205582878,-0.046108583612522125,-0.07320201396851189,0.0,0.0,0.0
misleading_ungroundable,12801829,robust,correct_answer,correct_answer,17.913413683883846,11.850709475576878,-6.062704208306968,9,5.618841126789144,4.994771855407938,3.7387129658988365,0.1112178578817596,-0.14095252635888755,0.0,0.0,0.0
misleading_ungroundable,12884056,robust,correct_answer,correct_answer,10.988286614880966,5.906256736233448,-5.082029878647518,4,2.5042373932537885,2.020996935534621,1.0885438915671937,0.21744740023693035,-0.05859357145482136,0.0,0.0,0.0
misleading_ungroundable,12892057,robust,correct_answer,correct_answer,10.496615565537164,7.380304594368984,-3.11631097116818,18,3.2618152921883548,3.733443501392483,2.8562683487543836,0.4589646886646115,-0.030028161592782432,0.0,0.0,0.0
misleading_ungroundable,12951079,baseline_not_correct,other,misleading_ungroundable,9.125000238418579,-6.078125040046871,-15.20312527846545,10,14.022135414008517,13.410807145371413,9.76041686317573,1.5416670811052124,-0.5937495271209627,0.0,1.0,0.0
misleading_ungroundable,13168955,robust,correct_answer,correct_answer,6.8907165902419365,3.2656496232948484,-3.625066966947088,14,3.671408389515591,3.1141872561699793,3.7943907796047824,0.24442813780084785,-0.19935857662312628,0.0,0.0,0.0
misleading_ungroundable,13180607,robust,correct_answer,correct_answer,19.02547401663469,8.81610226754492,-10.209371749089769,12,7.52643744263772,7.321600438384242,3.9131867490104923,0.1884640560116774,-0.32912430138821946,0.0,0.0,0.0
misleading_ungroundable,13267649,robust,correct_answer,correct_answer,8.343750313622877,6.328124794992618,-2.0156255186302587,6,3.557942645405395,3.2343749808751454,2.3906242587351394,0.26041651591852616,-0.17187538562575355,0.0,0.0,0.0
misleading_ungroundable,13278386,robust,correct_answer,correct_answer,12.144366264343262,10.064027504995465,-2.0803387593477964,15,0.40906415091012605,4.067039497836959,1.8733488516882062,0.2766368603333831,-0.11223567998968065,0.0,0.0,0.0
misleading_ungroundable,133123,baseline_not_correct,other,other,3.3859807006920164,0.6806142106652224,-2.705366490026794,14,2.751535701150112,2.9502844739245706,2.2566606066101293,-0.12889124446276884,-0.15391561063370318,0.0,0.0,0.0
misleading_ungroundable,13384714,robust,correct_answer,correct_answer,11.097394056618299,9.701121442021304,-1.3962726145969953,18,1.1778269992197465,2.371459148047225,0.8342942347125017,0.43485491971106666,0.006547529251065498,0.0,0.0,0.0
misleading_ungroundable,13421272,baseline_not_correct,other,other,7.711110591888428,-1.820523442933336,-9.531634034821764,48,8.205485020250006,7.334482452172476,1.9138955305485676,0.013283631143470642,-0.36220514588057995,0.0,0.0,0.0
misleading_ungroundable,13539357,robust,correct_answer,correct_answer,19.04687538743019,17.90624976158142,-1.1406256258487701,8,0.16080718735853833,0.2923173451175292,0.1875008891026179,-0.026041626930236816,0.01562616229057312,0.0,0.0,0.0
misleading_ungroundable,13539366,robust,correct_answer,correct_answer,17.9375007301569,15.65625,-2.2812507301568985,8,0.18424457994600135,0.2903647528340419,0.1302084264655908,0.05208345502614975,-0.015625126659870148,0.0,0.0,0.0
misleading_ungroundable,13583080,fooled,correct_answer,misleading_ungroundable,7.062501013275096,-3.593750652390952,-10.656251665666048,10,8.532552417103105,10.814129740578489,3.828125324294035,0.11198134884434316,-0.3046868920804968,1.0,1.0,1.0
misleading_ungroundable,13795770,robust,correct_answer,correct_answer,27.11718654665674,10.89062500030741,-16.22656154634933,10,15.598307475067637,16.045897980584186,11.867186506253953,0.6588551995325057,-0.4062495228008629,0.0,0.0,0.0
misleading_ungroundable,13805353,baseline_not_correct,ambiguous,misleading_ungroundable,2.0625,-7.031250105239451,-9.093750105239451,21,8.708984406975407,9.188802128347259,6.864583356926839,1.4791663875803351,-0.12500029522925615,1.0,1.0,1.0
misleading_ungroundable,13877107,baseline_not_correct,misleading_ungroundable,misleading_ungroundable,-5.890625163912773,-8.03124981187284,-2.140624647960067,6,0.5572917299577966,2.6582032055205973,0.29687486682087183,-0.036458528911074005,-0.04687558859586716,0.0,0.0,0.0
misleading_ungroundable,13907718,fooled,correct_answer,misleading_ungroundable,12.766804655075248,-1.4426961391709483,-14.209500794246196,8,6.3940488424558835,12.860116236507036,1.43130010347204,0.338406597411146,-0.27889692463077154,0.0,0.0,0.0
misleading_ungroundable,1399473,baseline_not_correct,other,other,6.798866927694689,3.1603555680230784,-3.638511359671611,18,2.0580821558795988,3.8314414570766457,3.282417833806903,0.1355834404706305,-0.19575262070520694,0.0,0.0,0.0
misleading_ungroundable,14150801,fooled,correct_answer,misleading_ungroundable,9.849682385101914,-5.221504666745204,-15.071187051847119,10,6.483824609773174,12.25561772806888,1.1871856067042852,0.5308940525337675,-0.7072015518415355,0.0,0.0,0.0
misleading_ungroundable,14205217,robust,correct_answer,correct_answer,6.6485835120556755,1.8169827323848367,-4.831600779670839,12,1.254137101546601,3.826007950776878,0.26948814928810977,0.02584002899508679,-0.007552745492991786,0.0,0.0,0.0
misleading_ungroundable,14278783,robust,correct_answer,correct_answer,9.871691366482995,8.78906930711993,-1.0826220593630644,30,1.0003372083344892,1.2439413960267676,1.3673160751806357,-0.07493902524204663,0.007821069002137193,0.0,0.0,0.0
misleading_ungroundable,14354993,robust,correct_answer,correct_answer,16.60937583447685,5.999999994877726,-10.609375839599124,21,10.629557727318058,9.330078298626159,6.656251186422044,0.8541653673534407,-0.43750027381838663,0.0,0.0,0.0
misleading_ungroundable,14383943,fooled,correct_answer,misleading_ungroundable,5.390390604734421,-3.502458911476424,-8.892849516210845,10,5.540711846870029,8.560423160638795,0.7801491321091211,0.2828421985407962,-0.5778549325805216,0.0,0.0,0.0
misleading_ungroundable,14412508,baseline_not_correct,other,misleading_ungroundable,1.9189439272740856,-3.8151635034010383,-5.734107430675124,6,0.46681075962244734,4.312732735325703,0.08125899458156975,0.1194744312475772,-0.03073842410231009,0.0,0.0,0.0
misleading_ungroundable,14500101,baseline_not_correct,other,other,9.754174530506134,7.74442345649004,-2.009751074016094,8,0.5537690035998821,1.394579074035088,0.8408256297310194,-0.017420314252376556,-0.06784942001104355,0.0,0.0,0.0
misleading_ungroundable,14500102,baseline_not_correct,other,other,10.671875476837158,4.84375,-5.828125476837158,6,2.7115886211395264,2.433593889077504,0.9114581743876139,0.32291730244954425,-0.1250009536743164,0.0,0.0,0.0
misleading_ungroundable,14603133,fooled,correct_answer,misleading_ungroundable,6.063784986792598,-3.1159429475665092,-9.179727934359107,10,8.895504734854816,10.290711401408789,3.0499251890772334,2.3569978861293444,-0.6773638952290639,1.0,1.0,1.0
misleading_ungroundable,14616200,fooled,correct_answer,misleading_ungroundable,9.846398180161486,-1.5887551408304716,-11.435153320991958,28,2.7795036272291327,7.812093975826125,0.5586229010320191,0.6418042129128783,-0.1510701557053835,0.0,0.0,0.0
misleading_ungroundable,14647452,fooled,correct_answer,misleading_ungroundable,9.366305900737643,-2.5974986301738454,-11.963804530911489,12,3.9501188383205417,8.817389537669365,0.5760339874150494,0.3815739731456726,-0.37593322060979517,0.0,0.0,0.0
misleading_ungroundable,14795007,robust,correct_answer,correct_answer,8.220190109579562,6.945295871293638,-1.274894238285924,21,0.45224678931329737,0.9096029957007279,0.18789070311686373,0.0256362557677979,-0.025696992917801253,0.0,0.0,0.0
misleading_ungroundable,14836243,baseline_not_correct,misleading_groundable,misleading_groundable,12.700475454353182,10.534378588252366,-2.1660968661008155,9,2.810205278261795,3.70846416300238,1.6645298401482858,0.493946512533815,-0.12300050259182171,0.0,0.0,0.0
misleading_ungroundable,151042717,robust,correct_answer,correct_answer,13.316763027571142,5.718333315104246,-7.598429712466896,12,3.0072980752641643,7.204949309738973,3.696145679336041,0.14466902256632844,-0.12591697927564383,0.0,0.0,0.0
misleading_ungroundable,151050035,robust,correct_answer,correct_answer,4.527699717320502,4.448371686041355,-0.07932803127914667,6,0.3754347358481028,0.14446356135886163,0.25389516198386747,0.18416133429855108,0.0615376983769238,0.0,0.0,0.0
misleading_ungroundable,15159700,baseline_not_correct,other,other,14.567716744189966,11.4460541063454,-3.1216626378445653,15,2.3441579497493876,3.8002902321362244,1.402754902524369,0.025229948774115954,0.008027319337998051,0.0,0.0,0.0
misleading_ungroundable,15159823,baseline_not_correct,other,other,-7.577189266681671,-12.759101956617087,-5.181912689935416,15,2.5841660326696,5.1810161579051055,0.7443292066454887,0.17402960647207996,0.016145815374329686,0.0,0.0,0.0
misleading_ungroundable,15198383,fooled,correct_answer,misleading_ungroundable,1.8724835895045544,-1.849145835323725,-3.7216294248282793,6,2.1845851716516336,3.1159635515584037,0.35398021487829584,0.33990534248490195,-0.33824527914839564,0.0,0.0,0.0
misleading_ungroundable,1527345,robust,correct_answer,correct_answer,6.854976397939026,5.728536389768124,-1.1264400081709027,3,0.8494656099937856,0.9279579524106036,0.7733042758579055,0.029089727128545444,-0.01584074553102255,0.0,0.0,0.0
misleading_ungroundable,15437515,baseline_not_correct,other,other,9.623881816864014,3.8178502321243286,-5.806031584739685,12,0.4683064719041189,0.32118087510267895,0.17548195521036783,-0.1434016227722168,-0.04254758358001709,0.0,0.0,0.0
misleading_ungroundable,15437595,robust,correct_answer,correct_answer,20.06250013783574,15.374999836087227,-4.687500301748514,28,2.488281131799643,3.7405601241625845,4.338541256263852,0.13281365173558393,-0.1718743033707142,0.0,0.0,0.0
misleading_ungroundable,15437596,robust,correct_answer,correct_answer,18.40624961256981,6.437499977648258,-11.96874963492155,8,5.058593801222742,10.801432510527473,7.307290798674027,0.12499907612800598,-0.20312491804361343,0.0,0.0,0.0
misleading_ungroundable,15487875,robust,correct_answer,correct_answer,9.041041401680559,3.436481036595069,-5.60456036508549,3,0.15300490251684096,0.9986621380388291,0.08550463624609013,0.01939826790476218,-0.1670743009308353,0.0,0.0,0.0
misleading_ungroundable,15487885,robust,correct_answer,correct_answer,8.552478331999737,2.0535618532449007,-6.498916478754836,15,2.9663042803780018,5.734316210926181,2.5434917797565504,0.040655740670445084,-0.09748513296017336,0.0,0.0,0.0
misleading_ungroundable,15487886,robust,correct_answer,correct_answer,7.653003360144794,3.4294549891201314,-4.223548371024663,12,2.6876766809176234,2.970747691050444,1.13007685810832,0.28859288720802095,0.04664472080185078,0.0,0.0,0.0
misleading_ungroundable,15510785,robust,correct_answer,correct_answer,9.707178652533912,7.755222380291343,-1.951956272242569,6,0.9738438079752996,2.474876917901004,0.5168601373801115,0.057302186883741044,-0.12612718343279994,0.0,0.0,0.0
misleading_ungroundable,15576859,baseline_not_correct,other,other,15.955839276313782,13.075093805789948,-2.8807454705238342,9,1.4882371425628662,1.7934797294437885,1.2269282539685566,-0.10900368293126424,-0.1634851098060608,0.0,0.0,0.0
misleading_ungroundable,15576860,robust,correct_answer,correct_answer,16.34377962458757,14.781280518629728,-1.5624991059578406,15,0.5865915916759832,1.1477909115918976,1.338543137064865,0.2031237681692346,0.01562523840425456,0.0,0.0,0.0
misleading_ungroundable,15584337,robust,correct_answer,correct_answer,3.8349231481552124,1.4246933780814288,-2.4102297700737836,6,1.3056303753904408,2.8649127001505503,0.5179611126465412,0.04244082705796852,-0.1031005375116365,0.0,0.0,0.0
misleading_ungroundable,15675843,baseline_not_correct,other,other,4.890624523162842,-0.46875,-5.359374523162842,4,-1.3717448810736337,2.83007816473643,0.6666669845581055,-0.17708285649617514,-0.2656247615814209,0.0,0.0,0.0
misleading_ungroundable,15708104,baseline_not_correct,other,other,8.483791708952594,-3.4440668225262243,-11.927858531478819,6,4.206410390636904,4.260252736512706,0.8006611069041204,0.2944439252219884,-0.012600004674027332,0.6666666666666667,0.6666666666666667,0.0
misleading_ungroundable,15776654,robust,correct_answer,correct_answer,8.01077549776528,1.3606695387861691,-6.650105958979111,8,1.0949913823521151,6.2313181768016275,0.16987455585816255,-0.004782190507588288,-0.2832567589939572,0.0,0.0,0.0
misleading_ungroundable,15781736,fooled,correct_answer,misleading_ungroundable,4.5934886645991355,-19.468760848147216,-24.06224951274635,16,22.52672747568713,18.268191379428224,2.8196371552983273,5.68115710567233,-1.5904503254878364,0.0,0.0,0.0
misleading_ungroundable,15848285,robust,correct_answer,correct_answer,7.1723466711802075,0.2167030974484684,-6.955643573731739,3,-1.4627570245291426,0.10675065704447098,0.058164572558287955,0.009970483067768838,-0.05154637037098078,-0.3333333333333333,0.0,0.0
misleading_ungroundable,15859012,robust,correct_answer,correct_answer,16.781441297382116,7.211584351956844,-9.569856945425272,15,10.688446834838638,13.357114504945155,8.296707837531963,0.23555019063254198,-0.2329164259135723,0.0,0.0,0.0
misleading_ungroundable,1593063,robust,correct_answer,correct_answer,14.109374780367943,8.625000094471034,-5.48437468589691,27,3.070963679866206,2.4615886110180627,2.9270830614647516,0.6666663788176569,-0.23437465137976687,0.0,0.0,0.0
misleading_ungroundable,15962137,baseline_not_correct,other,misleading_ungroundable,2.4635146872436353,-3.4643001157272315,-5.927814802970866,10,5.692148175338749,6.032621543002506,0.5791355023712237,0.2064642183451674,0.00761332222464306,1.0,1.0,0.0
misleading_ungroundable,15975265,baseline_not_correct,other,other,-6.432294130325317,-12.719351567327976,-6.287057437002659,27,2.270798410133769,4.721628938491145,1.3555737286806107,0.24424896761775017,-0.3103640526533127,0.0,0.0,0.0
misleading_ungroundable,161036195,robust,correct_answer,correct_answer,15.062500275671482,10.203124597668648,-4.859375678002834,6,2.154948033237209,5.029947975184768,3.4687505016724267,-0.046875489254792534,-0.07812441885471344,0.0,0.0,0.0
misleading_ungroundable,16312777,baseline_not_correct,other,other,5.36475167516619,3.3363028920139186,-2.028448783152271,8,1.6143491202553073,2.309074670522629,1.426774241651098,-0.10529633040035453,-0.09622333198785782,0.0,0.0,0.0
misleading_ungroundable,16320136,robust,correct_answer,correct_answer,11.04796781393452,10.768105916718014,-0.2798618972165059,12,0.0035874862109418846,0.050783218500498606,0.06492453068449322,-0.0064735387730555285,0.014184094966822158,0.0,0.0,0.0
misleading_ungroundable,16617264,fooled,correct_answer,misleading_ungroundable,0.5938209553132765,-4.598791298922777,-5.192612254236053,8,0.32487543127057705,0.006117432495860461,0.1021285151070875,0.111911143379776,-0.23013440947397612,0.0,0.0,0.0
misleading_ungroundable,16802975,baseline_not_correct,other,other,10.553849220275879,-4.31893515586853,-14.87278437614441,18,15.297459554548064,16.200671019653477,10.508325104912123,1.0742843598127365,-0.5239911675453186,0.0,0.0,0.0
misleading_ungroundable,16885815,baseline_not_correct,misleading_groundable,misleading_groundable,3.3906259536743164,-10.0625,-13.453125953674316,6,7.921875059604645,9.842447896798452,6.7031246821085615,0.11979230244954427,-0.46875,0.0,0.0,0.0
misleading_ungroundable,16889715,robust,correct_answer,correct_answer,4.18712642788978,3.1039084196067206,-1.0832180082830591,8,0.6711643295707133,0.8000345096716441,0.4356102146274831,-0.01477221161553673,-0.22175862640119615,0.0,0.0,0.0
misleading_ungroundable,16917277,baseline_not_correct,other,other,-8.19265073724091,-13.054814040660943,-4.862163303420033,8,4.409859267373838,3.7750254115926634,4.283985519781766,0.07282931295533976,0.0027058813720941544,0.0,0.0,0.0
misleading_ungroundable,16922131,fooled,correct_answer,misleading_ungroundable,4.3223529639071785,-16.17187798023886,-20.49423094414604,8,17.09896153040159,14.3587172858298,3.543489889423531,2.4303057901865324,-0.798817199709319,0.0,0.0,0.0
misleading_ungroundable,171009091,robust,correct_answer,correct_answer,9.128011018037796,3.113360340241343,-6.014650677796453,12,1.7192198442062363,4.481769845180679,0.6663559388834983,-0.03672433830797672,-0.04642804176546633,0.0,0.0,0.0
misleading_ungroundable,171031349,robust,correct_answer,correct_answer,15.351757630705833,14.269077463075519,-1.0826801676303148,8,0.44003322371281683,0.7502928822456549,0.708859191586574,0.017505384360750515,-0.07671772129833698,0.0,0.0,0.0
misleading_ungroundable,17184511,robust,correct_answer,correct_answer,13.761673810193315,-0.0014076977968215942,-13.763081507990137,8,7.652604538954923,10.70394437116056,3.044638034413462,0.22831865415840485,-0.07339171890453144,0.0,0.0,0.0
misleading_ungroundable,17184589,robust,correct_answer,correct_answer,5.741473094327375,5.173929443582892,-0.5675436507444829,8,0.2785669748069874,0.18684736347495345,0.10677454942682137,-0.03524854426116993,-0.006063943030312657,0.0,0.0,0.0
misleading_ungroundable,17512624,baseline_not_correct,misleading_groundable,misleading_ungroundable,-2.2074412689640135,-3.6007265335354837,-1.3932852645714702,6,-0.4277926550308263,0.17641784676258496,0.19496326351913407,-0.022993074574818213,0.026884497347055003,0.0,0.0,0.0
misleading_ungroundable,1781695,baseline_not_correct,other,other,-0.13915765285491943,-0.17908249975880608,-0.039924846903886646,6,0.2432371670923506,1.7113630659635721,0.22199314299117154,0.07669679616810754,0.014746693952474743,0.0,0.0,0.0
misleading_ungroundable,17836705,baseline_not_correct,other,misleading_ungroundable,11.96072518825531,-2.140874981880188,-14.101600170135498,10,12.947606083005667,14.407637429734072,4.166794459025065,1.861806611220042,-0.7289978861808777,1.0,1.0,0.0
misleading_ungroundable,17845553,fooled,correct_answer,misleading_ungroundable,4.180953540460905,-1.656214202492265,-5.83716774295317,6,1.4121988755953985,2.7329237292265134,0.07960322158032795,-0.025600265402317746,-0.08590716467733728,0.0,0.0,0.0
misleading_ungroundable,17891394,robust,correct_answer,correct_answer,17.100745354488026,11.335894584248308,-5.764850770239718,21,6.363844443874163,6.466563856090943,5.583649517289207,0.09366006483711924,0.07913799362722784,0.0,0.0,0.0
misleading_ungroundable,17897767,robust,correct_answer,correct_answer,8.88688341859961,4.945438240203657,-3.941445178395952,24,3.422729646116447,3.575385822203922,1.4884236257106143,0.10711159502291898,-0.23940378124825656,0.0,0.0,0.0
misleading_ungroundable,17928859,baseline_not_correct,other,other,5.421875,2.25,-3.171875,15,1.625,1.4654947916666667,0.13020833333333331,0.5104166666666666,-0.09375,0.0,0.0,0.0
misleading_ungroundable,17939409,robust,correct_answer,correct_answer,21.734555178068035,8.578636945180847,-13.155918232887188,14,10.601930854325214,11.941202145094305,8.239569280834466,0.7395011166956683,-0.1250865770986902,0.0,0.0,0.0
misleading_ungroundable,17960135,robust,correct_answer,correct_answer,4.281028213004902,2.2809443258174724,-2.0000838871874294,10,1.909212993649779,2.2536377078930343,1.6744923681959942,0.18744437991123655,-2.8915123948536348e-05,0.0,0.0,0.0
misleading_ungroundable,181024237,robust,correct_answer,correct_answer,4.8458920893802615,0.3849428834121985,-4.460949205968063,10,5.172978418423049,5.167489903026257,2.7171875806557693,0.10907215150978603,-0.19978926653857343,0.0,0.0,0.0
misleading_ungroundable,18103652,robust,correct_answer,correct_answer,8.81259073990669,7.82043804128148,-0.9921526986252109,18,0.9537545434108539,1.476406923155964,0.3585301593969638,0.06115257659942349,0.014038900636364815,0.0,0.0,0.0
misleading_ungroundable,181055810,robust,correct_answer,correct_answer,3.9270077749267025,1.4666361734368063,-2.4603716014898964,4,0.46630657503086054,1.3613907333156432,0.20889577859270517,0.16481110114909833,-0.10875519630280905,0.0,0.0,0.0
misleading_ungroundable,18107342,baseline_not_correct,other,misleading_ungroundable,-1.7001388669013977,-8.458687161612033,-6.758548294710636,8,6.630377486621001,6.625610039794992,0.5517912452536015,-0.02441275355279989,-0.14892177836009068,0.0,0.0,0.0
misleading_ungroundable,18182103,baseline_not_correct,other,misleading_ungroundable,-4.75,-8.828125089406967,-4.078125089406967,8,6.796223940327764,8.667317738135655,6.031249992549419,-1.5989582960804303,-0.015625372529029846,1.0,1.0,0.0
misleading_ungroundable,18182420,baseline_not_correct,other,misleading_ungroundable,14.37948164716363,-7.722546837336267,-22.102028484499897,8,13.116417405305583,21.511467356496723,0.9761978953902144,0.24347706237555636,-0.31060407465702156,0.0,0.0,0.0
misleading_ungroundable,18182472,robust,correct_answer,correct_answer,6.953125117346644,4.281250137835741,-2.6718749795109034,8,1.6386718587794653,1.6627604481764138,0.7031249416371187,0.11458314955234528,-0.14062483049929142,0.0,0.0,0.0
misleading_ungroundable,18229012,baseline_not_correct,other,other,3.443765640258789,-1.223788937466452,-4.667554577725241,6,1.2956019235583274,4.800201267770414,0.14956935380663103,0.10095390478575912,-0.045854602329200134,0.0,0.0,0.0
misleading_ungroundable,18255605,baseline_not_correct,other,other,6.812499046325684,6.171875,-0.6406240463256836,10,1.613932689030965,1.6542972723642986,0.7447913487752278,0.6302092870076498,-0.015625,0.0,0.0,0.0
misleading_ungroundable,18273501,baseline_not_correct,other,other,8.130252367060166,2.806580745265819,-5.323671621794347,15,3.4271225436023087,4.571051948776585,2.09489795594709,0.027205690508708358,-0.2772863416466862,0.0,0.0,0.0
misleading_ungroundable,1827790,fooled,correct_answer,misleading_ungroundable,2.4375000670552254,-2.8437499031424522,-5.281249970197678,8,2.013020839697371,1.5351562770083547,0.520833246409893,0.14583309491475424,-0.28124987334012985,0.0,0.0,0.0
misleading_ungroundable,18333274,robust,correct_answer,correct_answer,9.674502938985825,5.964897155761605,-3.7096057832242195,12,1.5793924692538042,2.3064086830626893,0.7940296903234412,0.17535992215077081,-0.17550377547740936,-0.3333333333333333,0.0,0.0
misleading_ungroundable,18333277,robust,correct_answer,correct_answer,17.703124076128006,13.93749988079071,-3.7656241953372955,4,1.779296743373076,1.6282553918038807,1.864584520459175,-0.005208618938922882,-0.0781247541308403,0.0,0.0,0.0
misleading_ungroundable,18348417,baseline_not_correct,other,other,2.502259314933326,2.8062059236108325,0.30394660867750645,8,-0.018624573857475013,-0.35914907750702696,0.46552602884670097,-0.526345281813216,0.09446205882704817,0.0,0.0,0.0
misleading_ungroundable,18486014,robust,correct_answer,correct_answer,20.390631258548524,13.312510848203829,-7.078120410344695,8,7.1321570574294855,8.043614059548096,5.578122734977076,-0.4531225959296232,-0.5781272650513074,0.0,0.0,0.0
misleading_ungroundable,18573112,baseline_not_correct,other,other,8.739132698625326,-1.391174178570509,-10.130306877195835,9,7.626876826087634,9.303962039450806,2.2206614514191947,-0.06973698176443577,-0.3663854841142893,0.0,0.0,0.0
misleading_ungroundable,187716,baseline_not_correct,other,other,23.516331434251242,4.883405625822434,-18.63292580842881,6,18.146263820428956,12.490033663809308,6.682228028774451,2.883069396018944,-0.6874638199805077,0.0,0.0,0.0
misleading_ungroundable,18896153,baseline_not_correct,other,misleading_ungroundable,3.578125,-11.890624575316906,-15.468749575316906,10,13.561848923670672,13.738932452901887,6.385415927662204,0.43229193046378595,-0.312501106178388,1.0,1.0,0.0
misleading_ungroundable,18922752,baseline_not_correct,other,misleading_ungroundable,4.437500238418579,-13.406249615829438,-17.843749854248017,12,17.992838471716823,17.738281235744882,11.687499574191557,-0.07812533623655327,-0.3281256064074114,1.0,1.0,0.0
misleading_ungroundable,19108479,robust,correct_answer,correct_answer,13.727336958051069,6.462526127697288,-7.264810830353781,6,2.0010345556462994,5.603705078285637,0.8608558609459086,-0.2341573247682618,-0.2817998817188254,0.0,0.0,0.0
misleading_ungroundable,19108593,baseline_not_correct,other,misleading_ungroundable,13.937500953674316,-3.6718750596046448,-17.60937601327896,6,6.414062522972624,11.500000039736431,4.765624038875103,-0.2812497317790985,-0.32812489569187164,1.0,1.0,0.0
misleading_ungroundable,19284246,baseline_not_correct,other,misleading_ungroundable,11.73096356948372,-1.929969897668343,-13.660933467152063,6,3.6434600845432215,6.7101860993328355,2.455807409460249,0.3722471926836685,-0.19090932700783014,1.0,1.0,0.0
misleading_ungroundable,19358422,robust,correct_answer,correct_answer,10.04687462747097,3.6718749329447746,-6.3749996945261955,10,2.2799478654439254,5.15950510216256,1.0104162227362394,0.4322916455566883,-0.5000004433095455,0.0,0.0,0.0
misleading_ungroundable,19457535,baseline_not_correct,other,other,-1.2331868410110474,-3.489248275756836,-2.2560614347457886,6,1.2968234792351723,1.1108490712940693,1.013116866350174,0.0062027474244435625,-0.08632686734199524,-0.3333333333333333,0.0,0.0
misleading_ungroundable,19457553,baseline_not_correct,other,misleading_ungroundable,6.4375,-13.718750136293238,-20.156250136293238,8,16.97070295016814,19.004557344153,1.5416664560519469,0.7604168477118947,-0.8906251117005013,0.3333333333333333,0.0,0.0
misleading_ungroundable,19505767,fooled,correct_answer,misleading_ungroundable,21.74218788743019,-10.74999988131458,-32.49218776874477,6,16.145182288912718,20.330729176600776,2.497395541674147,0.49739571107784286,-0.12500042901956476,0.0,0.0,0.0
misleading_ungroundable,19613658,baseline_not_correct,other,other,8.29773125052452,5.958670437335968,-2.339060813188553,12,1.4251713789999485,1.9887801731626193,1.213871528704961,-0.1298648715019226,-0.18214151263237,0.0,0.0,0.0
misleading_ungroundable,19638002,robust,correct_answer,correct_answer,17.675316317006946,17.564714620195446,-0.1106016968115,6,0.039738984459290805,0.03599096985393165,0.06515205581429957,-0.021459416134651597,-0.041193258148268797,0.0,0.0,0.0
misleading_ungroundable,19659459,robust,correct_answer,correct_answer,9.086637064625393,7.602526336937274,-1.484110727688119,8,0.7981003727643667,1.2479002918879964,0.9249432595224221,-0.009054650654434226,-4.1731749661266804e-05,0.0,0.0,0.0
misleading_ungroundable,19757751,robust,correct_answer,correct_answer,6.342821177560836,1.1764212139314623,-5.166399963629374,4,4.546334367329413,5.967494173575082,0.6776395332005146,0.3064994308903503,-0.10457726156164426,0.0,0.0,0.0
misleading_ungroundable,1976676,baseline_correct_other,correct_answer,other,13.326501920819965,7.442885458470187,-5.883616462349778,8,5.449790893122952,5.267807919532464,4.432411193847959,-0.28113207717719507,-0.15674772858614006,-1.0,0.0,0.0
misleading_ungroundable,19774663,robust,correct_answer,correct_answer,19.208727968856692,16.140903878957033,-3.067824089899659,10,3.3253560129863518,3.620161770687749,3.1651414955655732,0.2061381166179975,0.039806729182600975,0.0,0.0,0.0
misleading_ungroundable,19779968,baseline_not_correct,other,other,-5.087929749570321,-8.563216450420441,-3.47528670085012,8,2.5523598563801597,3.373152376549039,0.4799542704034442,-0.08828786519006826,-0.1516853450157214,0.0,0.0,0.0
misleading_ungroundable,1979327,baseline_not_correct,other,misleading_ungroundable,7.84375,-12.984374761701474,-20.828124761701474,10,12.295572817446935,17.59309901810593,7.3802086867405405,0.13020916770983604,-0.2343745231446519,0.0,0.0,0.0
misleading_ungroundable,19808117,robust,correct_answer,correct_answer,11.624999932013452,3.4375001080334187,-8.187499823980033,15,6.017578086156087,5.477213609730825,3.927083063405007,0.036458197282627225,-0.12500046426430345,0.0,0.0,0.0
misleading_ungroundable,19929800,baseline_not_correct,other,other,1.7504437565935405,0.3125361785680525,-1.437907578025488,12,1.3816414514467017,1.422174848978102,0.1228331196388505,0.03260355909105783,-0.022895767439649717,0.0,0.0,0.0
misleading_ungroundable,1995993,baseline_not_correct,other,misleading_ungroundable,-2.890625,-14.500000029802322,-11.609375029802322,10,6.055338688388778,13.018228973213505,4.812499800696969,1.4843745684872072,-0.46874970104545355,0.0,0.0,0.0
misleading_ungroundable,19992498,baseline_not_correct,other,other,11.09375,2.625,-8.46875,10,5.787760516007741,7.163411398728689,6.411458094914754,0.19270865122477213,-0.2968742847442627,0.0,0.0,0.0
misleading_ungroundable,19992587,robust,correct_answer,correct_answer,9.950752104632556,8.918912772787735,-1.0318393318448216,15,-1.5230495097105936,-0.11208439490292221,0.4259922342995803,0.04736659270323192,-0.01780551514821127,0.0,0.0,0.0
